id,title,description,availability,condition,price,link,image_link,additional_image_link,brand,google_product_category,product_type,quantity_to_sell_on_facebook,status,custom_label_0
4583703722,"Custom Halloween Portrait Mug, Spooky Watercolor from Your Photo, Free Preview","Imagine their face when they unwrap a gift made just for them - their own photo turned into a custom portrait they'll see every single morning. See it before we print: you get a same-day preview on your phone, plus 1 free revision, before your order goes to production. LOVE IT OR WE MAKE IT RIGHT Your mug is printed only after you approve your free preview. If it arrives damaged, misprinted, or different from the artwork you approved, just send us a photo within 30 days - we'll reprint it free or refund you in full, your choice. No need to ship anything back. YOUR MUG IN 4 SIMPLE STEPS You send a photo -> our AI paints it -> you approve it -> we print your mug. WE PRINT MORE THAN PHOTOS: kids' drawings, handwritten recipes, notes and artwork - printed exactly as they are, or turned into a portrait. Your choice. FREE PREVIEW BEFORE WE PRINT: turn any photo into a playful spooky watercolor portrait, made just for the Halloween season. Send a photo of your pet, your couple, your family, or even yourself - we paint it in a soft watercolor style with a fun Halloween touch: a little witch hat, a pumpkin, bat wings, or your own idea. Nothing scary, just a cozy fall keepsake for your morning coffee. FREE digital preview within 24h - you approve it before we print. One free revision included. HOW IT WORKS (easy!) 1. Order and upload your photo right on this listing 2. Tell us the name to print and your style: Watercolor, Cartoon or Realistic Tell us the Halloween touch: witch hat, pumpkin, bat wings, or your own idea 3. Within 24 hours you receive a preview of YOUR mug - we only print when you love it WHAT YOU GET - Hand-finished portrait made from your photo - 11 oz ceramic mug, vivid fade-resistant print - Dishwasher and microwave safe - Printed to order in Europe and shipped locally A cozy little way to bring your favorite face into fall. HOW SOON YOU GET IT IS UP TO YOU Our 7-10 day processing window includes the time we spend waiting for YOUR approval. You get your free digital preview within 24-48 hours - and the moment you approve it, your mug goes to print. Approve quickly and yours leaves our hands sooner. If we don't hear back within 5 days of sending your preview, we'll print it as shown so your order still ships on time. Ready to surprise them? Add to cart now and order today - your free preview arrives before we print, so you always know exactly what you're getting.",in stock,new,18.25 USD,https://brushedandbrewedco.etsy.com/listing/4583703722,https://i.etsystatic.com/67116408/r/il/d7614f/8586574510/il_fullxfull.8586574510_dq9z.jpg,"https://i.etsystatic.com/67116408/r/il/d625c3/8586574626/il_fullxfull.8586574626_4kh3.jpg,https://i.etsystatic.com/67116408/r/il/567c69/8586574718/il_fullxfull.8586574718_94xp.jpg,https://i.etsystatic.com/67116408/r/il/75b364/8586574922/il_fullxfull.8586574922_jrlh.jpg,https://i.etsystatic.com/67116408/r/il/cf08b9/8634414309/il_fullxfull.8634414309_czgh.jpg,https://i.etsystatic.com/67116408/r/il/84820c/8634414547/il_fullxfull.8634414547_8oxh.jpg,https://i.etsystatic.com/67116408/r/il/323c0b/8634414775/il_fullxfull.8634414775_huje.jpg,https://i.etsystatic.com/67116408/r/il/389b1e/8634414893/il_fullxfull.8634414893_r8lu.jpg,https://i.etsystatic.com/67116408/r/il/233f47/8634415069/il_fullxfull.8634415069_gqog.jpg,https://i.etsystatic.com/67116408/r/il/9a778d/8586575902/il_fullxfull.8586575902_bfdc.jpg",Brushed & Brewed,Home & Garden > Kitchen & Dining > Tableware > Drinkware > Mugs,Mugs,999,active,UE
4583691115,"Custom Family Portrait Mug from Photo, Watercolor or Photo-Real Print, Accent Color Rim, Personalized Family Gift, 11oz","Imagine their face when they unwrap a gift made just for them - their own photo turned into a custom portrait they'll see every single morning. See it before we print: you get a same-day preview on your phone, plus 1 free revision, before your order goes to production. YOUR MUG IN 4 SIMPLE STEPS You send a photo -> our AI paints it -> you approve it -> we print your mug. LOVE IT OR WE MAKE IT RIGHT Your mug is printed only after you approve your free preview. If it arrives damaged, misprinted, or different from the artwork you approved, send us a photo within 30 days - free reprint or full refund, your choice. WE PRINT MORE THAN PHOTOS: kids drawings, handwritten recipes, notes and artwork - printed exactly as they are, or turned into a portrait. Your choice. Turn your favorite family photo into art on a mug with a colored rim and handle. Send your photo after ordering, tell us your style (watercolor or photo-real), and within 24-48 hours you receive a preview for approval. One free revision included - we only print when you love it. Hand-picked layouts, AI-crafted portrait from your photo. 11oz ceramic, dishwasher and microwave safe, vivid fade-resistant print. Printed to order in Europe. Ready to surprise them? Add to cart now and order today - your free preview arrives before we print, so you always know exactly what you're getting.",in stock,new,24.95 USD,https://brushedandbrewedco.etsy.com/listing/4583691115,https://i.etsystatic.com/67116408/r/il/9f06aa/8586562652/il_fullxfull.8586562652_lmo3.jpg,"https://i.etsystatic.com/67116408/r/il/3f9437/8586562808/il_fullxfull.8586562808_figx.jpg,https://i.etsystatic.com/67116408/r/il/20a92b/8670835661/il_fullxfull.8670835661_f49b.jpg,https://i.etsystatic.com/67116408/r/il/9cbdba/8586563634/il_fullxfull.8586563634_8fmz.jpg,https://i.etsystatic.com/67116408/r/il/560a99/8586564342/il_fullxfull.8586564342_jw7d.jpg,https://i.etsystatic.com/67116408/r/il/3289a5/8670835381/il_fullxfull.8670835381_c38x.jpg,https://i.etsystatic.com/67116408/r/il/ab7941/8634402937/il_fullxfull.8634402937_kkqy.jpg,https://i.etsystatic.com/67116408/r/il/aaf96f/8586564066/il_fullxfull.8586564066_4lqp.jpg,https://i.etsystatic.com/67116408/r/il/a41fb5/8634403883/il_fullxfull.8634403883_l20d.jpg,https://i.etsystatic.com/67116408/r/il/8d4459/8586565024/il_fullxfull.8586565024_dvco.jpg",Brushed & Brewed,Home & Garden > Kitchen & Dining > Tableware > Drinkware > Mugs,Mugs,999,active,UE
4583701488,"Halloween Cat Mug, Black Cat Witch Hat Watercolor, Custom Pet Portrait Option, Accent Color Rim, Spooky Season Gift","Imagine their face when they unwrap a gift made just for them - their own photo turned into a custom portrait they'll see every single morning. See it before we print: you get a same-day preview on your phone, plus 1 free revision, before your order goes to production. YOUR MUG IN 4 SIMPLE STEPS You send a photo -> our AI paints it -> you approve it -> we print your mug. LOVE IT OR WE MAKE IT RIGHT Printed only after you approve your free preview (for custom orders). Damaged or misprinted? Photo within 30 days - free reprint or full refund. A watercolor black cat in a witch hat, ready for spooky season - or send YOUR pet's photo and we turn them into the star of the mug (witch hat included on request!). AI-crafted portrait from your photo, preview before we print. 11oz ceramic with colored rim and handle, dishwasher and microwave safe. Printed to order in Europe. Ready to surprise them? Add to cart now and order today - your free preview arrives before we print, so you always know exactly what you're getting.",in stock,new,24.95 USD,https://brushedandbrewedco.etsy.com/listing/4583701488,https://i.etsystatic.com/67116408/r/il/2958d0/8634396393/il_fullxfull.8634396393_7r9j.jpg,"https://i.etsystatic.com/67116408/r/il/b32012/8634396599/il_fullxfull.8634396599_enp2.jpg,https://i.etsystatic.com/67116408/r/il/736dc8/8586557378/il_fullxfull.8586557378_4oyi.jpg,https://i.etsystatic.com/67116408/r/il/9397e1/8634396977/il_fullxfull.8634396977_4w0v.jpg,https://i.etsystatic.com/67116408/r/il/ad5abe/8634397921/il_fullxfull.8634397921_gzg0.jpg,https://i.etsystatic.com/67116408/r/il/8b8544/8634398171/il_fullxfull.8634398171_mbtl.jpg,https://i.etsystatic.com/67116408/r/il/aa5e91/8634398365/il_fullxfull.8634398365_sefx.jpg,https://i.etsystatic.com/67116408/r/il/1fc862/8634397683/il_fullxfull.8634397683_bv7b.jpg",Brushed & Brewed,Home & Garden > Kitchen & Dining > Tableware > Drinkware > Mugs,Mugs,999,active,UE
4583628704,"Travel Destination Mug Collection - Watercolor Skyline Mugs for Your Favorite Cities, Set of 3, Collectible Gift, EU","LOVE IT OR WE MAKE IT RIGHT Your mug is printed only after you approve your free preview. If it arrives damaged, misprinted, or different from the artwork you approved, just send us a photo within 30 days - we'll reprint it free or refund you in full, your choice. No need to ship anything back. Every trip deserves a permanent seat on your shelf - imagine your favorite three destinations in soft watercolor, looking back at you every morning with your coffee. WHAT YOU GET: a 3-mug Travel Destination Collection, each mug showing a different iconic skyline illustrated in the same soft watercolor style, printed on premium 11oz ceramic mugs. Collectible - start with 3 and add more destinations later. HOW IT WORKS: pick your 3 destinations from our growing list (or request one that's missing) - add them in the note to seller at checkout, or message us right after you order. We create each skyline and you'll get a preview of the full set before we print and ship. We stand behind every mug with a 30 day return policy and careful EU production and shipping, printed locally in Europe. Choose your destinations and order now - click add to cart to start your collection before your next trip. GIFT-READY A thoughtful gift for birthdays, Christmas, anniversaries or just because - it arrives in protective packaging, ready to hand over. WHEN YOU GET IT Made to order: 7-10 days of processing, then standard shipping. Approve your preview quickly and it leaves sooner.",in stock,new,36.95 USD,https://brushedandbrewedco.etsy.com/listing/4583628704,https://i.etsystatic.com/67116408/r/il/4616e2/8585978170/il_fullxfull.8585978170_ms4a.jpg,"https://i.etsystatic.com/67116408/r/il/3f204a/8623012962/il_fullxfull.8623012962_rl06.jpg,https://i.etsystatic.com/67116408/r/il/aa5ffa/8585978274/il_fullxfull.8585978274_go1w.jpg,https://i.etsystatic.com/67116408/r/il/89f699/8633817609/il_fullxfull.8633817609_9zi1.jpg,https://i.etsystatic.com/67116408/r/il/fa6eff/8670831791/il_fullxfull.8670831791_49po.jpg,https://i.etsystatic.com/67116408/r/il/256355/8623013946/il_fullxfull.8623013946_pln4.jpg,https://i.etsystatic.com/67116408/r/il/5d3ffa/8670832263/il_fullxfull.8670832263_clw2.jpg,https://i.etsystatic.com/67116408/r/il/d09326/8623013528/il_fullxfull.8623013528_8hd2.jpg,https://i.etsystatic.com/67116408/r/il/60ab84/8670832711/il_fullxfull.8670832711_o1tl.jpg",Brushed & Brewed,Home & Garden > Kitchen & Dining > Tableware > Drinkware > Mugs,Mugs,999,active,UE
4583617869,"Family Portrait Mug Set of 4 - Watercolor Grandparents Parents Pet Gift, Personalized From Photo, EU","LOVE IT OR WE MAKE IT RIGHT Your mug is printed only after you approve your free preview. If it arrives damaged, misprinted, or different from the artwork you approved, just send us a photo within 30 days - we'll reprint it free or refund you in full, your choice. No need to ship anything back. Imagine everyone at the table holding their own face on a mug - grandma, dad, the kids, even the dog. This Family Portrait Mug Set turns your favorite family photos into a set of 4 watercolor-style portraits, one per person (or pet), printed on premium 11oz ceramic mugs. WHAT YOU GET: a matching 4-mug set, each with an individual watercolor portrait painted from the photo you send - soft brush strokes, warm colors, centered on a durable dishwasher- and microwave-safe mug. HOW IT WORKS: send us one clear photo per family member after checkout. We create each portrait in a watercolor style and you get a same-day digital preview on your phone before anything goes to print, plus 1 free revision if something needs adjusting. We back every set with a 30 day return policy and careful EU production and shipping, printed locally in Europe, so if anything arrives off, we make it right. Ready to see your family on the shelf? Order now or add to cart today - it's the kind of gift people actually use every single morning.",in stock,new,47.95 USD,https://brushedandbrewedco.etsy.com/listing/4583617869,https://i.etsystatic.com/67116408/r/il/5f1268/8633816575/il_fullxfull.8633816575_2m8p.jpg,"https://i.etsystatic.com/67116408/r/il/0c7c36/8633816665/il_fullxfull.8633816665_nhkr.jpg,https://i.etsystatic.com/67116408/r/il/155757/8633816725/il_fullxfull.8633816725_86wr.jpg,https://i.etsystatic.com/67116408/r/il/65901f/8633816807/il_fullxfull.8633816807_g74z.jpg,https://i.etsystatic.com/67116408/r/il/97cd0c/8585977168/il_fullxfull.8585977168_g4mg.jpg,https://i.etsystatic.com/67116408/r/il/5fcf94/8633816959/il_fullxfull.8633816959_dqxl.jpg,https://i.etsystatic.com/67116408/r/il/ee2707/8585977326/il_fullxfull.8585977326_7o99.jpg,https://i.etsystatic.com/67116408/r/il/f66cea/8633817085/il_fullxfull.8633817085_k497.jpg",Brushed & Brewed,Home & Garden > Kitchen & Dining > Tableware > Drinkware > Mugs,Mugs,999,active,UE
4583628432,"Baby to Now Mug Set of 4 - Custom Growth Timeline Portraits, Personalized Watercolor From Your Photos, EU","LOVE IT OR WE MAKE IT RIGHT Your mug is printed only after you approve your free preview. If it arrives damaged, misprinted, or different from the artwork you approved, just send us a photo within 30 days - we'll reprint it free or refund you in full, your choice. No need to ship anything back. Imagine holding four mugs in your hands and watching someone grow up right there on the shelf - that's the surprise this set delivers every single morning. WHAT YOU GET: a Baby to Now Mug Set of 4, turning photos of the same person (or a rescued pet) into watercolor-style portraits, one per mug, showing the full transformation across ages - printed on premium 11oz ceramic mugs. HOW IT WORKS: send us your photos from each stage after checkout. We create all 4 portraits in a watercolor style and you'll get a same-day preview before anything goes to print, plus 1 free revision. Backed by a 30 day return policy and careful EU production and shipping, printed locally in Europe. Order now and add this timeline set to your cart - it's the kind of gift that gets picked up and looked at for years.",in stock,new,51.95 USD,https://brushedandbrewedco.etsy.com/listing/4583628432,https://i.etsystatic.com/67116408/r/il/117b0f/8633816115/il_fullxfull.8633816115_rsif.jpg,"https://i.etsystatic.com/67116408/r/il/731140/8585976406/il_fullxfull.8585976406_gfsz.jpg,https://i.etsystatic.com/67116408/r/il/0a21ff/8623008708/il_fullxfull.8623008708_4gcr.jpg,https://i.etsystatic.com/67116408/r/il/0c7ce6/8585975934/il_fullxfull.8585975934_2f5r.jpg,https://i.etsystatic.com/67116408/r/il/d149af/8623009194/il_fullxfull.8623009194_k5xb.jpg,https://i.etsystatic.com/67116408/r/il/048445/8670828567/il_fullxfull.8670828567_pnl3.jpg,https://i.etsystatic.com/67116408/r/il/ba96f1/8623008972/il_fullxfull.8623008972_4x9x.jpg,https://i.etsystatic.com/67116408/r/il/152587/8670829435/il_fullxfull.8670829435_626i.jpg",Brushed & Brewed,Home & Garden > Kitchen & Dining > Tableware > Drinkware > Mugs,Mugs,999,active,UE
4578436603,"World's Okayest Boss Mug, Funny Coffee Cup for Boss's Day, Sarcastic Office Present, EU","Imagine their face on Boss's Day when they unwrap a mug that finally says what everyone's thinking. How it works: no photo needed for this design - just add to cart and we print it to order for you. The funny gift for the boss who runs the office, survives the meetings, and still remembers everyone's coffee order. Sarcastic, honest, and guaranteed to get a laugh at the desk. WHY THEY'LL LOVE IT - The funny office gift that says thank you without the cheesy card - A desk mug they'll actually reach for every morning - Clean, modern print that fits any office or kitchen - 11 oz white ceramic mug with a crisp, vivid print that won't fade - Dishwasher and microwave safe - Glossy finish, comfortable sturdy handle - Printed to order in Europe and shipped locally - no customs surprises - Ships in protective packaging, ready to gift LOVE IT OR WE MAKE IT RIGHT: if it arrives damaged or misprinted, send a photo within 30 days and we reprint free or refund in full - no need to ship anything back. Questions? Send us a message - we reply fast. Every mug is made when you order it - that's what makes it special.",in stock,new,24.30 USD,https://brushedandbrewedco.etsy.com/listing/4578436603,https://i.etsystatic.com/67116408/r/il/428b83/8623000510/il_fullxfull.8623000510_kamx.jpg,"https://i.etsystatic.com/67116408/r/il/05810f/8670819903/il_fullxfull.8670819903_cbj6.jpg,https://i.etsystatic.com/67116408/r/il/174eef/8623429210/il_fullxfull.8623429210_8ida.jpg,https://i.etsystatic.com/67116408/r/il/03c0be/8623428964/il_fullxfull.8623428964_tpi9.jpg,https://i.etsystatic.com/67116408/r/il/7eb821/8622492096/il_fullxfull.8622492096_kjkl.jpg,https://i.etsystatic.com/67116408/r/il/21f8a3/8670312981/il_fullxfull.8670312981_5dku.jpg,https://i.etsystatic.com/67116408/r/il/90285c/8622492796/il_fullxfull.8622492796_pstw.jpg,https://i.etsystatic.com/67116408/r/il/088bf2/8677058177/il_fullxfull.8677058177_1sv5.jpg,https://i.etsystatic.com/67116408/r/il/04dc66/8677058451/il_fullxfull.8677058451_n0h8.jpg",Brushed & Brewed,Home & Garden > Kitchen & Dining > Tableware > Drinkware > Mugs,Mugs,999,active,UE
4578448056,"Custom Star Map Print A3, Personalised Night Sky Poster by Date and Place, Anniversary Gift, Printed in the EU","See it before we print. Tell us the date, the time and the place, get your preview the same day, and one free revision if you want anything changed. Nothing goes to the printer until you say yes. Imagine handing this over on your anniversary: not a picture of some stars, but the actual sky that stood over the two of you that night, every star where it really was, calculated for your exact date, hour and coordinates. That is the moment this poster is for - and it is the reason people tell us they had to sit down when they opened it. WHAT IT IS An 11.7 x 16.5 inch (A3) personalized star map poster of the real night sky above one specific moment, with a glossy finish. You send the date, the time and the city, plus the names and the line you want underneath. We calculate the star positions from the Hipparcos star catalog - the same data astronomers use - and set them in our warm cream and terracotta palette. No frame is included; the size is a standard one, so any off-the-shelf A3 frame fits. HOW IT WORKS 1. Add to cart and send us the date, the time and the place at checkout. 2. We calculate your sky and send the preview to your phone the same day. 3. Ask for a change if you want one - the first revision is free. 4. You approve, we print, and it ships from inside Europe. LOVE IT OR WE MAKE IT RIGHT Your print is made only after you approve your preview. If it arrives damaged, misprinted, or different from the artwork you approved, send us a photo within 30 days - we reprint it free or refund you in full, your choice. Nothing to ship back. WHY IT LANDS - The date is already yours - this just shows what the sky was doing about it - Works for a first date, a wedding day, an engagement, a birth, a move, a goodbye - Quiet cream and terracotta palette that sits in a bedroom or a hallway without shouting - Paper is the traditional first anniversary gift - The stars are calculated, never drawn from imagination - your sky is yours alone DETAILS - 11.7 x 16.5 inch (A3) vertical poster, glossy finish - Printed edge to edge with fade resistant inks - Ships rolled in a protective tube, unframed - Made to order in Europe and shipped within the EU - no customs surprises WHAT WE NEED FROM YOU - The date and the time (as close as you remember - we use the local time of that place) - The city or town - The names or title, and an optional line underneath ORDER EARLY FOR THE HOLIDAYS Every print is made when you order it (production plus shipping). Order by December 8 to have it in their hands for Christmas - earlier is safer. Questions, or want a different size or a second sky on the same print? Send us a message - we reply fast. - Printed to order in Europe and shipped locally - no customs surprises Add to cart - we print it in the EU and it ships from inside Europe.",in stock,new,29.95 USD,https://brushedandbrewedco.etsy.com/listing/4578448056,https://i.etsystatic.com/67116408/r/il/7d48ce/8545844830/il_fullxfull.8545844830_4a6e.jpg,"https://i.etsystatic.com/67116408/r/il/f6f983/8546995932/il_fullxfull.8546995932_cmsy.jpg,https://i.etsystatic.com/67116408/r/il/ae4d1c/8593711891/il_fullxfull.8593711891_tgyr.jpg,https://i.etsystatic.com/67116408/r/il/0e9a9f/8545845100/il_fullxfull.8545845100_mlhi.jpg,https://i.etsystatic.com/67116408/r/il/2ed4aa/8593712203/il_fullxfull.8593712203_kfre.jpg,https://i.etsystatic.com/67116408/r/il/501c97/8593712389/il_fullxfull.8593712389_2nvj.jpg,https://i.etsystatic.com/67116408/r/il/210e73/8545845606/il_fullxfull.8545845606_igl2.jpg,https://i.etsystatic.com/67116408/r/il/d798c7/8545846108/il_fullxfull.8545846108_bqaz.jpg,https://i.etsystatic.com/67116408/r/il/bc84a9/8545845756/il_fullxfull.8545845756_giav.jpg",Brushed & Brewed,"Home & Garden > Decor > Artwork > Posters, Prints, & Visual Artwork",Art Prints,999,active,UE
4578447412,"Custom Military Watercolour Portrait Mug, Remembrance Day Gift, Personalised Photo Mug for Veterans and Armed Forces","Imagine the moment it lands in their hands. See it before we print. Send us their service photo, get a preview on your phone the same day, and one free revision if anything needs changing. Nothing goes to the printer until you say yes. He never talks about those years. Hand him this on Veterans Day and he will not have to - the portrait says it, his name says it, and the years say it. Then he will drink his coffee out of it every single morning. WHAT IT IS An 11 oz ceramic mug carrying a watercolor portrait painted from the photo you send - a service photo, a homecoming picture, an old print from a shoebox. Their full name, their rank and their years of service are added under the portrait at no extra cost, in a quiet serif that looks like it belongs there. HOW IT WORKS 1. Add to cart and upload the photo at checkout (a clear, well-lit picture works best). 2. Tell us the name, the rank and the years of service exactly as you want them printed. 3. We paint the portrait with AI and send the preview to your phone the same day. 4. Ask for a change if you want one - the first revision is free. You approve, we print, it ships from inside Europe. LOVE IT OR WE MAKE IT RIGHT Your mug is printed only after you approve the preview. If it arrives damaged, misprinted, or different from the artwork you approved, send us a photo within 30 days - we reprint it free or refund you in full, your choice. Nothing to ship back. WHY IT LANDS - A tribute that gets used, not stored in a drawer - Works for a husband or wife, a father, a mother, a son, a daughter or an old friend from the unit - Right for Veterans Day, a retirement, a promotion, a PCS move or a homecoming - Quiet, muted watercolor palette - dignified, never loud DETAILS - 11 oz white ceramic mug, 3.85 in tall, 3.35 in diameter - Dishwasher and microwave safe, fade-resistant print - Name, rank and years of service included free - Made to order in Europe and shipped from inside the EU - no customs surprises - 15 oz size available - send us a message A NOTE ON THE ARTWORK The portrait is generated with AI from the photo you send, then reviewed by a person before anything is printed. We paint a generic uniform as shown - we do not reproduce official insignia, unit patches, service seals or flags, so your artwork stays yours and stays clean. ORDER BY OCTOBER 26 Every mug is made when you order it (about 7-10 days, plus shipping). Order by October 26 to have it in their hands for Veterans Day on November 11 - earlier is safer. Add to cart, upload the photo, and we will have your preview ready today. Questions, or want a different wording under the portrait? Send us a message - we reply fast. GIFT-READY A thoughtful gift for birthdays, Christmas, anniversaries or just because - it arrives in protective packaging, ready to hand over.",in stock,new,24.95 USD,https://brushedandbrewedco.etsy.com/listing/4578447412,https://i.etsystatic.com/67116408/r/il/c14833/8545091236/il_fullxfull.8545091236_bdmh.jpg,"https://i.etsystatic.com/67116408/r/il/220432/8545091546/il_fullxfull.8545091546_6e42.jpg,https://i.etsystatic.com/67116408/r/il/f817c3/8545091442/il_fullxfull.8545091442_6t9m.jpg,https://i.etsystatic.com/67116408/r/il/9eabe2/8545091662/il_fullxfull.8545091662_barg.jpg,https://i.etsystatic.com/67116408/r/il/09c624/8545091786/il_fullxfull.8545091786_h7tf.jpg,https://i.etsystatic.com/67116408/r/il/abdd13/8545091354/il_fullxfull.8545091354_ska7.jpg,https://i.etsystatic.com/67116408/r/il/3ba540/8545091880/il_fullxfull.8545091880_d7ze.jpg,https://i.etsystatic.com/67116408/r/il/05c932/8594860113/il_fullxfull.8594860113_pu62.jpg",Brushed & Brewed,Home & Garden > Kitchen & Dining > Tableware > Drinkware > Mugs,Mugs,999,active,UE
4578428977,"Stepdad Mug, The Dad Who Chose Me, Christmas Gift for Stepdad, Bonus Dad Coffee Cup, Printed in the EU","Imagine the moment it lands in their hands. LOVE IT OR WE MAKE IT RIGHT If it arrives damaged or misprinted, just send us a photo within 30 days - we'll reprint it free or refund you in full, your choice. No need to ship anything back. Some heroes don't share our DNA - they choose us. This Christmas, tell the stepdad, bonus dad or father figure who stepped up what words sometimes can't: ""The Dad Who Chose Me."" It's the gift he'll keep on his desk long after the wrapping paper is gone. WHY THEY'LL LOVE IT - Says the thing that's hard to say out loud - A stocking filler with real meaning, not filler - From a stepdaughter, a stepson, or the whole blended family - 11 oz white ceramic mug with a crisp, vivid print that won't fade - Dishwasher and microwave safe - Glossy finish and a comfortable, sturdy handle - Printed to order in Europe and shipped locally - no customs surprises - Ships in a padded box, ready to gift HOLIDAY ORDER DEADLINE Every mug is made when you order it (about 7-10 days, plus shipping). Order by December 7 for Christmas delivery in the UK and EU - earlier is safer. Questions? Send us a message - we reply fast. Every mug is made when you order it - that's what makes it special. Add to cart - we print it in the EU and it ships from inside Europe.",in stock,new,24.30 USD,https://brushedandbrewedco.etsy.com/listing/4578428977,https://i.etsystatic.com/67116408/r/il/b84cc3/8398946275/il_fullxfull.8398946275_b0mg.jpg,"https://i.etsystatic.com/67116408/r/il/f3a795/8622997860/il_fullxfull.8622997860_mld2.jpg,https://i.etsystatic.com/67116408/r/il/d5fb50/8351059962/il_fullxfull.8351059962_j1vo.jpg,https://i.etsystatic.com/67116408/r/il/ef05f3/8622998698/il_fullxfull.8622998698_36sb.jpg,https://i.etsystatic.com/67116408/r/il/e43ecf/8622998470/il_fullxfull.8622998470_kr7t.jpg,https://i.etsystatic.com/67116408/r/il/3895bc/8670816101/il_fullxfull.8670816101_lnvh.jpg,https://i.etsystatic.com/67116408/r/il/829e77/8622998236/il_fullxfull.8622998236_ij84.jpg,https://i.etsystatic.com/67116408/r/il/992649/8670817085/il_fullxfull.8670817085_3cjb.jpg",Brushed & Brewed,Home & Garden > Kitchen & Dining > Tableware > Drinkware > Mugs,Mugs,999,active,UE
4577931465,"Best Dog Dad Ever Mug, Christmas Gift for Dog Dad, Dog Lover Stocking Filler, Funny Gift from the Dog, Paw Print Mug, Made in Europe","Imagine the moment it lands in their hands. How it works: no photo needed for this design - just add to cart and we print it to order for you. LOVE IT OR WE MAKE IT RIGHT If it arrives damaged or misprinted, just send us a photo within 30 days - we'll reprint it free or refund you in full, your choice. No need to ship anything back. The dog can't wrap a present. That's where you come in. ""Best Dog Dad Ever"" is the Christmas stocking filler for the husband, dad, brother or boyfriend who talks to the dog more than to people - signed ""from the dog,"" naturally. Paw prints, clean design, and a grin with every coffee. WHY THEY'LL LOVE IT - The Christmas gift ""from the dog"" that always lands - Fits the stocking, the desk, and the 6 a.m. walk routine - For new dog dads and lifelong dog people alike - 11 oz white ceramic mug with a crisp, vivid print that won't fade - Dishwasher and microwave safe - Glossy finish and a comfortable, sturdy handle - Printed to order in Europe and shipped locally - no customs surprises - Ships in a padded box, ready to gift HOLIDAY ORDER DEADLINE Every mug is made when you order it (about 7-10 days, plus shipping). Order by December 7 for Christmas delivery in the UK and EU - earlier is safer. Questions, or want to add a name? Send us a message - we reply fast. Every mug is made when you order it - that's what makes it special. Add to cart - we print it in the EU and it ships from inside Europe.",in stock,new,24.30 USD,https://brushedandbrewedco.etsy.com/listing/4577931465,https://i.etsystatic.com/67116408/r/il/dacdc1/8398942263/il_fullxfull.8398942263_on81.jpg,"https://i.etsystatic.com/67116408/r/il/54b508/8623060392/il_fullxfull.8623060392_ifzq.jpg,https://i.etsystatic.com/67116408/r/il/686a9c/8351055722/il_fullxfull.8351055722_ag0j.jpg,https://i.etsystatic.com/67116408/r/il/a30972/8670879899/il_fullxfull.8670879899_a3av.jpg,https://i.etsystatic.com/67116408/r/il/a645af/8351055992/il_fullxfull.8351055992_d1lp.jpg,https://i.etsystatic.com/67116408/r/il/91652b/8670880127/il_fullxfull.8670880127_opz0.jpg,https://i.etsystatic.com/67116408/r/il/a9f016/8398942549/il_fullxfull.8398942549_stz5.jpg,https://i.etsystatic.com/67116408/r/il/0a5fe0/8623061038/il_fullxfull.8623061038_k075.jpg",Brushed & Brewed,Home & Garden > Kitchen & Dining > Tableware > Drinkware > Mugs,Mugs,999,active,UE
4577929863,"Fresh Start Mug, July Is My Second January, Goal Getter Gift for Her, Funny Resolution Coffee Mug, Planner Lover Gift, Made in Europe","Imagine the moment it lands in their hands. How it works: no photo needed for this design - just add to cart and we print it to order for you. LOVE IT OR WE MAKE IT RIGHT If it arrives damaged or misprinted, just send us a photo within 30 days - we'll reprint it free or refund you in full, your choice. No need to ship anything back. For everyone whose resolutions get a second launch date. ""July Is My Second January"" is the honest, funny fresh-start mug - a fresh-start gift for the planner, the goal-getter, or the friend who keeps trying (and that's the point). A little wink every morning: it's never too late to start again. WHY THEY'LL LOVE IT - A resolution mug that doesn't take itself too seriously - Great fresh-start, new job, or ""you've got this"" gift - Pairs perfectly with a planner or a bag of good coffee - 11 oz white ceramic mug with a crisp, vivid print that won't fade - Dishwasher and microwave safe - Glossy finish and a comfortable, sturdy handle - Printed to order in Europe and shipped locally - no customs surprises - Ships in a padded box, ready to gift HOLIDAY ORDER DEADLINE Every mug is made when you order it (about 2-5 business days to make, plus shipping). Order by December 7 for Christmas delivery in the UK and EU - earlier is safer. Questions? Send us a message - we reply fast. Every mug is made when you order it - that's what makes it special. Add to cart - we print it in the EU and it ships from inside Europe.",in stock,new,24.30 USD,https://brushedandbrewedco.etsy.com/listing/4577929863,https://i.etsystatic.com/67116408/r/il/aca1ac/8351054136/il_fullxfull.8351054136_4ukt.jpg,"https://i.etsystatic.com/67116408/r/il/26cb1c/8671246151/il_fullxfull.8671246151_9ngb.jpg,https://i.etsystatic.com/67116408/r/il/8ee205/8351054046/il_fullxfull.8351054046_5muu.jpg,https://i.etsystatic.com/67116408/r/il/97ea5a/8622992034/il_fullxfull.8622992034_a9mj.jpg,https://i.etsystatic.com/67116408/r/il/2c1dd0/8398940687/il_fullxfull.8398940687_is0p.jpg,https://i.etsystatic.com/67116408/r/il/0a75ab/8670811315/il_fullxfull.8670811315_iaya.jpg,https://i.etsystatic.com/67116408/r/il/7d92a8/8671246347/il_fullxfull.8671246347_85b9.jpg,https://i.etsystatic.com/67116408/r/il/bfd13b/8670811715/il_fullxfull.8670811715_4kr9.jpg,https://i.etsystatic.com/67116408/r/il/f3e67a/8671246501/il_fullxfull.8671246501_rbxj.jpg",Brushed & Brewed,Home & Garden > Kitchen & Dining > Tableware > Drinkware > Mugs,Mugs,999,active,UE
4577945828,"Gardener Gift Mug, My Backyard Is the New Vacation Destination, Christmas Gift for Garden Lover, Homebody Coffee Mug, Stocking Filler","Imagine the moment it lands in their hands. How it works: no photo needed for this design - just add to cart and we print it to order for you. LOVE IT OR WE MAKE IT RIGHT If it arrives damaged or misprinted, just send us a photo within 30 days - we'll reprint it free or refund you in full, your choice. No need to ship anything back. For the person who'd rather be home than anywhere else. ""My Backyard Is the New Vacation Destination"" is the mug for gardeners, allotment keepers, new homeowners and proud homebodies - the ones already planning next spring's beds in December. A Christmas gift or stocking filler that gets used every morning. WHY THEY'LL LOVE IT - A gift for the gardener, the griller, the garden-bench reader - Perfect for a new home, a retirement, or just because - Fun, warm, and not another pair of gardening gloves - 11 oz white ceramic mug with a crisp, vivid print that won't fade - Dishwasher and microwave safe - Glossy finish and a comfortable, sturdy handle - Printed to order in Europe and shipped locally - no customs surprises - Ships in a padded box, ready to gift HOLIDAY ORDER DEADLINE Every mug is made when you order it (about 7-10 days, plus shipping). Order by December 7 for Christmas delivery in the UK and EU - earlier is safer. Questions, or want to add a name? Send us a message - we reply fast. Every mug is made when you order it - that's what makes it special. Add to cart - we print it in the EU and it ships from inside Europe.",in stock,new,24.30 USD,https://brushedandbrewedco.etsy.com/listing/4577945828,https://i.etsystatic.com/67116408/r/il/f699ce/8670888963/il_fullxfull.8670888963_mqn1.jpg,"https://i.etsystatic.com/67116408/r/il/b91b48/8398939801/il_fullxfull.8398939801_ry7p.jpg,https://i.etsystatic.com/67116408/r/il/e5a29a/8670889195/il_fullxfull.8670889195_mbv2.jpg,https://i.etsystatic.com/67116408/r/il/e21b32/8670889465/il_fullxfull.8670889465_oqx8.jpg,https://i.etsystatic.com/67116408/r/il/0748e0/8398939995/il_fullxfull.8398939995_th6m.jpg,https://i.etsystatic.com/67116408/r/il/75c6e3/8670889721/il_fullxfull.8670889721_9e1c.jpg,https://i.etsystatic.com/67116408/r/il/f7b184/8398939909/il_fullxfull.8398939909_tsnp.jpg,https://i.etsystatic.com/67116408/r/il/572418/8623070614/il_fullxfull.8623070614_b9nn.jpg",Brushed & Brewed,Home & Garden > Kitchen & Dining > Tableware > Drinkware > Mugs,Mugs,999,active,UE
4577928585,"Best Cat Mom Ever Mug, Christmas Gift for Cat Lover, Cat Mum Stocking Filler, Funny Gift from the Cat, Cat Whiskers Mug, Made in Europe","Imagine the moment it lands in their hands - and their face when they unwrap the one mug that says it better than a card ever could: a gift they'll reach for every single morning. How it works: no photo needed for this design - we print it to order for you. LOVE IT OR WE MAKE IT RIGHT If it arrives damaged or misprinted, just send us a photo within 30 days - we'll reprint it free or refund you in full, your choice. No need to ship anything back. The cat won't buy her a Christmas present. You can. ""Best Cat Mom Ever"" is the stocking filler for the friend, sister or daughter whose camera roll is 90% cat - signed, of course, ""from the cat."" Cute whiskers, clean design, and a laugh every morning. WHY THEY'LL LOVE IT - The Christmas gift ""from the cat"" that always lands - Fits the stocking, the desk, and the Sunday reading chair - For new cat mums and lifelong cat ladies alike - 11 oz white ceramic mug with a crisp, vivid print that won't fade - Dishwasher and microwave safe - Glossy finish and a comfortable, sturdy handle - Printed to order in Europe and shipped locally - no customs surprises - Ships in a padded box, ready to gift HOLIDAY ORDER DEADLINE Every mug is made when you order it (about 7-10 days, plus shipping). Order by December 7 for Christmas delivery in the UK and EU - earlier is safer. Questions, or want to add a name? Send us a message - we reply fast. Every mug is made when you order it - that's what makes it special. Ready to surprise them? Add to cart now and order today - every mug is printed to order and backed by our 30-day love-it guarantee.",in stock,new,24.30 USD,https://brushedandbrewedco.etsy.com/listing/4577928585,https://i.etsystatic.com/67116408/r/il/b3f70b/8623423568/il_fullxfull.8623423568_5azu.jpg,"https://i.etsystatic.com/67116408/r/il/8349f5/8670808237/il_fullxfull.8670808237_2tje.jpg,https://i.etsystatic.com/67116408/r/il/f9f41a/8671243855/il_fullxfull.8671243855_80ri.jpg,https://i.etsystatic.com/67116408/r/il/8ce453/8398938353/il_fullxfull.8398938353_3p6o.jpg,https://i.etsystatic.com/67116408/r/il/449714/8670808423/il_fullxfull.8670808423_sjer.jpg,https://i.etsystatic.com/67116408/r/il/7e3845/8671244069/il_fullxfull.8671244069_q0eo.jpg,https://i.etsystatic.com/67116408/r/il/a7edfb/8351051820/il_fullxfull.8351051820_cwnl.jpg,https://i.etsystatic.com/67116408/r/il/bd7b2e/8351051926/il_fullxfull.8351051926_a8mw.jpg,https://i.etsystatic.com/67116408/r/il/641490/8675768629/il_fullxfull.8675768629_b0ja.jpg",Brushed & Brewed,Home & Garden > Kitchen & Dining > Tableware > Drinkware > Mugs,Mugs,999,active,UE
4577944460,"Bonus Mom Mug, The Mom Who Chose Me, Christmas Gift for Stepmum, Stepmom Gift from Stepdaughter, Blended Family Coffee Mug, Stocking Filler","Imagine the moment it lands in their hands. How it works: no photo needed for this design - just add to cart and we print it to order for you. LOVE IT OR WE MAKE IT RIGHT If it arrives damaged or misprinted, just send us a photo within 30 days - we'll reprint it free or refund you in full, your choice. No need to ship anything back. She didn't have to - she chose to. This Christmas, give the stepmum or bonus mum who showed up, stayed, and loved you like her own the words that matter: ""The Mom Who Chose Me."" A small gift that says a very big thing, every single morning. WHY THEY'LL LOVE IT - The thank-you that's hard to put in a card - A stocking filler with heart, from a stepdaughter or stepson - Also perfect from the bride on the wedding morning - 11 oz white ceramic mug with a crisp, vivid print that won't fade - Dishwasher and microwave safe - Glossy finish and a comfortable, sturdy handle - Printed to order in Europe and shipped locally - no customs surprises - Ships in a padded box, ready to gift HOLIDAY ORDER DEADLINE Every mug is made when you order it (about 7-10 days, plus shipping). Order by December 7 for Christmas delivery in the UK and EU - earlier is safer. Questions, or want to add a name? Send us a message - we reply fast. Every mug is made when you order it - that's what makes it special. Add to cart - we print it in the EU and it ships from inside Europe.",in stock,new,24.30 USD,https://brushedandbrewedco.etsy.com/listing/4577944460,https://i.etsystatic.com/67116408/r/il/e5badf/8398941373/il_fullxfull.8398941373_h219.jpg,"https://i.etsystatic.com/67116408/r/il/f6a415/8398941457/il_fullxfull.8398941457_b431.jpg,https://i.etsystatic.com/67116408/r/il/ae4c5a/8351055058/il_fullxfull.8351055058_kf9r.jpg,https://i.etsystatic.com/67116408/r/il/97252f/8398941591/il_fullxfull.8398941591_s3vf.jpg,https://i.etsystatic.com/67116408/r/il/16cd86/8623066348/il_fullxfull.8623066348_8j4u.jpg,https://i.etsystatic.com/67116408/r/il/4079d2/8623067012/il_fullxfull.8623067012_66q1.jpg,https://i.etsystatic.com/67116408/r/il/788b24/8670885787/il_fullxfull.8670885787_i7wm.jpg,https://i.etsystatic.com/67116408/r/il/c6643c/8623066756/il_fullxfull.8623066756_mwyq.jpg",Brushed & Brewed,Home & Garden > Kitchen & Dining > Tableware > Drinkware > Mugs,Mugs,999,active,UE
4577943954,"Funny Secret Santa Gift, Ice Water and Bad Decisions Mug, Sarcastic Christmas Gift for Her, Office Gift Exchange Mug, Bestie Stocking Filler","Imagine the moment it lands in their hands. How it works: no photo needed for this design - just add to cart and we print it to order for you. LOVE IT OR WE MAKE IT RIGHT If it arrives damaged or misprinted, just send us a photo within 30 days - we'll reprint it free or refund you in full, your choice. No need to ship anything back. The Secret Santa gift that gets the biggest laugh at the office party. ""Ice Water and Bad Decisions"" is for the coworker, the bestie, the gym partner who runs on hydration and questionable choices - and owns it. Funny, useful, and well within most gift-exchange budgets. WHY THEY'LL LOVE IT - A Secret Santa pick people actually fight over - Works for coffee, tea, or the ice water in question - Sarcastic, not mean - safe for the office - 11 oz white ceramic mug with a crisp, vivid print that won't fade - Dishwasher and microwave safe - Glossy finish and a comfortable, sturdy handle - Printed to order in Europe and shipped locally - no customs surprises - Ships in a padded box, ready to gift HOLIDAY ORDER DEADLINE Every mug is made when you order it (about 7-10 days, plus shipping). Order by December 7 for Christmas delivery in the UK and EU - earlier is safer. Questions, or want to add a name? Send us a message - we reply fast. Every mug is made when you order it - that's what makes it special. Add to cart - we print it in the EU and it ships from inside Europe.",in stock,new,24.30 USD,https://brushedandbrewedco.etsy.com/listing/4577943954,https://i.etsystatic.com/67116408/r/il/3e1b21/8398945143/il_fullxfull.8398945143_6gau.jpg,"https://i.etsystatic.com/67116408/r/il/ec036e/8351058756/il_fullxfull.8351058756_6ptf.jpg,https://i.etsystatic.com/67116408/r/il/e0e916/8670882427/il_fullxfull.8670882427_5mkk.jpg,https://i.etsystatic.com/67116408/r/il/c825d7/8398945319/il_fullxfull.8398945319_fgex.jpg,https://i.etsystatic.com/67116408/r/il/bba740/8670882249/il_fullxfull.8670882249_isf0.jpg,https://i.etsystatic.com/67116408/r/il/b99384/8670882653/il_fullxfull.8670882653_r5r2.jpg,https://i.etsystatic.com/67116408/r/il/c208fc/8670882925/il_fullxfull.8670882925_cc4r.jpg,https://i.etsystatic.com/67116408/r/il/de22cd/8543205918/il_fullxfull.8543205918_rkpz.jpg",Brushed & Brewed,Home & Garden > Kitchen & Dining > Tableware > Drinkware > Mugs,Mugs,999,active,UE
4577922543,"Bonus Dad Mug Like a Dad Just Cooler, Funny Christmas Gift for Stepdad, Stepfather Stocking Filler, Vintage Retro Coffee Mug, Made in Europe","Imagine his face when he unwraps the one mug that finally says it out loud. How it works: no photo needed for this design - just add to cart and we print it to order for you. LOVE IT OR WE MAKE IT RIGHT If it arrives damaged or misprinted, just send us a photo within 30 days - we'll reprint it free or refund you in full, your choice. No need to ship anything back. ""Bonus Dad: Like a Dad, Just Cooler."" The Christmas gift for the stepdad who taught you to drive, shows up to every match, and still thinks his playlist is better than yours. Retro-styled, funny, and guaranteed to become his morning mug. WHY THEY'LL LOVE IT - The funny stepdad gift that still says thank you - A stocking filler he'll actually use every day - Vintage look that fits any kitchen or office desk - 11 oz white ceramic mug with a crisp, vivid print that won't fade - Dishwasher and microwave safe - Glossy finish and a comfortable, sturdy handle - Printed to order in Europe and shipped locally - no customs surprises - Ships in a padded box, ready to gift HOLIDAY ORDER DEADLINE Every mug is made when you order it (about 7-10 days, plus shipping). Order by December 7 for Christmas delivery in the UK and EU - earlier is safer. Questions, or want to add a name? Send us a message - we reply fast. Every mug is made when you order it - that's what makes it special. Add to cart - we print it in the EU and it ships from inside Europe.",in stock,new,24.30 USD,https://brushedandbrewedco.etsy.com/listing/4577922543,https://i.etsystatic.com/67116408/r/il/6dbacb/8671241367/il_fullxfull.8671241367_fzqc.jpg,"https://i.etsystatic.com/67116408/r/il/325709/8351056910/il_fullxfull.8351056910_5fdi.jpg,https://i.etsystatic.com/67116408/r/il/70a9b7/8670805617/il_fullxfull.8670805617_lx5c.jpg,https://i.etsystatic.com/67116408/r/il/4b416e/8623420916/il_fullxfull.8623420916_k1es.jpg,https://i.etsystatic.com/67116408/r/il/957d8b/8351057018/il_fullxfull.8351057018_khub.jpg,https://i.etsystatic.com/67116408/r/il/f1279b/8623421150/il_fullxfull.8623421150_tmke.jpg,https://i.etsystatic.com/67116408/r/il/17d613/8398943565/il_fullxfull.8398943565_l1bx.jpg,https://i.etsystatic.com/67116408/r/il/cccf13/8670805801/il_fullxfull.8670805801_fyxi.jpg",Brushed & Brewed,Home & Garden > Kitchen & Dining > Tableware > Drinkware > Mugs,Mugs,999,active,UE
4577909396,"Bavarian Couple Mug, Lederhosen Dirndl Watercolor, Two-Tone 11oz Coffee Cup, Dirndl Lederhosen Gift","LOVE IT OR WE MAKE IT RIGHT Printed to order in Europe. If it arrives damaged, misprinted or different from the photos, send us a photo within 30 days - we reprint it free or refund you in full, your choice. This design is not personalised, so the usual 30 day right of withdrawal applies as well. Imagine handing this over on a quiet morning, coffee still warm. A quiet watercolour of a Bavarian couple raising their Mass together - dirndl, lederhosen, the green felt hat. Made for anyone who loves Bavarian festival culture and wants a small present that is not another beer stein. WHY THEY WILL LIKE IT - A calm, watercolor-style look, not a loud novelty print - Works all year as a normal coffee mug, not only in October - Two tone finish: white outside, coloured rim, handle and interior HOW IT WORKS 1. Choose your colour: black, dark green or dark blue. 2. Add to cart and order - nothing else to send us, the artwork is ready. 3. We print it in Europe and post it from inside the EU. Want the couple replaced by a portrait from your own photo? Message us before you order and we will send a free preview to approve first. - 11 oz (0.33 l) 100% ceramic mug, choose black, dark green or dark blue - Crisp, vivid print that does not fade - Glossy finish, C-shaped easy-grip handle - Printed in Europe and shipped inside the EU - no customs, no import VAT - Ships in a padded box, ready to give DELIVERY Each mug is made after you order (about 7-10 days, plus shipping). Questions? Send us a message, we reply fast.",in stock,new,25.55 USD,https://brushedandbrewedco.etsy.com/listing/4577909396,https://i.etsystatic.com/67116408/r/il/f797d6/8590976993/il_fullxfull.8590976993_j29g.jpg,"https://i.etsystatic.com/67116408/r/il/814377/8670803239/il_fullxfull.8670803239_q7bv.jpg,https://i.etsystatic.com/67116408/r/il/39ce7a/8670803509/il_fullxfull.8670803509_tg45.jpg,https://i.etsystatic.com/67116408/r/il/2ff527/8543122690/il_fullxfull.8543122690_qlrx.jpg,https://i.etsystatic.com/67116408/r/il/db3aa0/8590976855/il_fullxfull.8590976855_9dii.jpg,https://i.etsystatic.com/67116408/r/il/fa78fa/8676821175/il_fullxfull.8676821175_hzi4.jpg,https://i.etsystatic.com/67116408/r/il/a7aa4d/8628995598/il_fullxfull.8628995598_1rda.jpg,https://i.etsystatic.com/67116408/r/il/2b8360/8676821717/il_fullxfull.8676821717_ro84.jpg",Brushed & Brewed,Home & Garden > Kitchen & Dining > Tableware > Drinkware > Mugs,Mugs,999,active,UE
4546901997,"Custom Couple Portrait Mug, Personalized Photo Mug, Couples Gift, Anniversary Gift, Engagement Gift, Watercolor Portrait From Photo","Imagine their face when they unwrap a gift made just for them - their own photo turned into a custom portrait they'll see every single morning. See it before we print: you get a same-day preview on your phone, plus 1 free revision, before your order goes to production. LOVE IT OR WE MAKE IT RIGHT Your mug is printed only after you approve your free preview. If it arrives damaged, misprinted, or different from the artwork you approved, just send us a photo within 30 days - we'll reprint it free or refund you in full, your choice. No need to ship anything back. YOUR MUG IN 4 SIMPLE STEPS You send a photo -> our AI paints it -> you approve it -> we print your mug. WE PRINT MORE THAN PHOTOS: kids' drawings, handwritten recipes, notes and artwork - printed exactly as they are, or turned into a portrait. Your choice. Turn your favorite photo into art - printed on a mug you'll hold every morning. FREE digital preview within 24h - you approve it before we print. One free revision included. HOW IT WORKS (easy!) 1. Order and tell us your style: Watercolor, Cartoon or Realistic (+ a name or short phrase, optional) 2. Upload your photo right on this listing - it takes 10 seconds (or send it via Etsy Messages). Up to 2 photos: tell us your idea and we combine them into one portrait! 3. Within 24 hours you receive a realistic preview of YOUR mug for approval 4. One free revision included - we only print when you love it! WHAT YOU GET - Hand-finished AI-assisted portrait from your photo - 11 oz ceramic mug, vivid fade-resistant print - Dishwasher and microwave safe - Printed to order in Europe and shipped locally Note: photo quality matters! Clear, well-lit photos give the best portraits. Please note: because each mug is made with your own photo, personalized orders can't be returned or exchanged for a change of mind. You'll always approve a digital preview before we print — and if anything goes wrong on our side (damage in transit, a print defect, or artwork that doesn't match what you approved), we'll remake it or refund you at no cost. Just message us. HOW SOON YOU GET IT IS UP TO YOU Our 7-10 day processing window includes the time we spend waiting for YOUR approval. You get your free digital preview within 24-48 hours - and the moment you approve it, your mug goes to print. Approve quickly and yours leaves our hands sooner. If we don't hear back within 5 days of sending your preview, we'll print it as shown so your order still ships on time. Ready to surprise them? Add to cart now and order today - your free preview arrives before we print, so you always know exactly what you're getting.",in stock,new,24.30 USD,https://brushedandbrewedco.etsy.com/listing/4546901997,https://i.etsystatic.com/67116408/r/il/365d5c/8366023021/il_fullxfull.8366023021_gui3.jpg,"https://i.etsystatic.com/67116408/r/il/a0ac6c/8318134350/il_fullxfull.8318134350_ms1l.jpg,https://i.etsystatic.com/67116408/r/il/f9df6e/8366023133/il_fullxfull.8366023133_6dha.jpg,https://i.etsystatic.com/67116408/r/il/a3dcec/8379268744/il_fullxfull.8379268744_37xj.jpg,https://i.etsystatic.com/67116408/r/il/f8f7a2/8366022663/il_fullxfull.8366022663_h36s.jpg,https://i.etsystatic.com/67116408/r/il/c4e09b/8537324564/il_fullxfull.8537324564_p2p8.jpg,https://i.etsystatic.com/67116408/r/il/bb7ede/8537368990/il_fullxfull.8537368990_6fpp.jpg,https://i.etsystatic.com/67116408/r/il/204311/8537654332/il_fullxfull.8537654332_lirb.jpg,https://i.etsystatic.com/67116408/r/il/e8e20f/8537698344/il_fullxfull.8537698344_bdxm.jpg,https://i.etsystatic.com/67116408/r/il/9a8ca4/8541193496/il_fullxfull.8541193496_s5b1.jpg",Brushed & Brewed,Home & Garden > Kitchen & Dining > Tableware > Drinkware > Mugs,Mugs,999,active,UE
4546917016,"Custom Family Portrait Mug From Photo, Personalized Family Gift, Cartoon Portrait Mug, Gift for Mom Dad, Family Photo Mug","Imagine their face when they unwrap a gift made just for them - their own photo turned into a custom portrait they'll see every single morning. See it before we print: you get a same-day preview on your phone, plus 1 free revision, before your order goes to production. LOVE IT OR WE MAKE IT RIGHT Your mug is printed only after you approve your free preview. If it arrives damaged, misprinted, or different from the artwork you approved, just send us a photo within 30 days - we'll reprint it free or refund you in full, your choice. No need to ship anything back. YOUR MUG IN 4 SIMPLE STEPS You send a photo -> our AI paints it -> you approve it -> we print your mug. WE PRINT MORE THAN PHOTOS: kids' drawings, handwritten recipes, notes and artwork - printed exactly as they are, or turned into a portrait. Your choice. Turn your favorite photo into art - printed on a mug you'll hold every morning. FREE digital preview within 24h - you approve it before we print. One free revision included. HOW IT WORKS (easy!) 1. Order and tell us your style: Watercolor, Cartoon or Realistic (+ a name or short phrase, optional) 2. Upload your photo right on this listing - it takes 10 seconds (or send it via Etsy Messages). Up to 2 photos: tell us your idea and we combine them into one portrait! 3. Within 24 hours you receive a realistic preview of YOUR mug for approval 4. One free revision included - we only print when you love it! WHAT YOU GET - Hand-finished AI-assisted portrait from your photo - 11 oz ceramic mug, vivid fade-resistant print - Dishwasher and microwave safe - Printed to order in Europe and shipped locally Note: photo quality matters! Clear, well-lit photos give the best portraits. Please note: because each mug is made with your own photo, personalized orders can't be returned or exchanged for a change of mind. You'll always approve a digital preview before we print — and if anything goes wrong on our side (damage in transit, a print defect, or artwork that doesn't match what you approved), we'll remake it or refund you at no cost. Just message us. HOW SOON YOU GET IT IS UP TO YOU Our 7-10 day processing window includes the time we spend waiting for YOUR approval. You get your free digital preview within 24-48 hours - and the moment you approve it, your mug goes to print. Approve quickly and yours leaves our hands sooner. If we don't hear back within 5 days of sending your preview, we'll print it as shown so your order still ships on time. Ready to surprise them? Add to cart now and order today - your free preview arrives before we print, so you always know exactly what you're getting.",in stock,new,24.30 USD,https://brushedandbrewedco.etsy.com/listing/4546917016,https://i.etsystatic.com/67116408/r/il/6b07d4/8542939870/il_fullxfull.8542939870_geea.jpg,"https://i.etsystatic.com/67116408/r/il/e3bbd7/8366021823/il_fullxfull.8366021823_q0nq.jpg,https://i.etsystatic.com/67116408/r/il/b937ea/8318133478/il_fullxfull.8318133478_6o0q.jpg,https://i.etsystatic.com/67116408/r/il/987372/8366022217/il_fullxfull.8366022217_mdla.jpg,https://i.etsystatic.com/67116408/r/il/94db83/8585146357/il_fullxfull.8585146357_spqp.jpg,https://i.etsystatic.com/67116408/r/il/8fcde2/8318133338/il_fullxfull.8318133338_cg4y.jpg,https://i.etsystatic.com/67116408/r/il/51921d/8537382774/il_fullxfull.8537382774_g6sb.jpg,https://i.etsystatic.com/67116408/r/il/e10d0c/8589056261/il_fullxfull.8589056261_kryq.jpg,https://i.etsystatic.com/67116408/r/il/0c9d69/8543074434/il_fullxfull.8543074434_oc3g.jpg,https://i.etsystatic.com/67116408/r/il/d966c3/8586560336/il_fullxfull.8586560336_naff.jpg",Brushed & Brewed,Home & Garden > Kitchen & Dining > Tableware > Drinkware > Mugs,Mugs,999,active,UE
4546916826,"Custom Cat Portrait Mug, Personalized Cat Mom Gift, Watercolor Pet Portrait From Photo, Cat Lover Gift, Cat Memorial Mug","See it before we print: you get a same-day preview on your phone, plus 1 free revision, before your order goes to production. LOVE IT OR WE MAKE IT RIGHT Your mug is printed only after you approve your free preview. If it arrives damaged, misprinted, or different from the artwork you approved, just send us a photo within 30 days - we'll reprint it free or refund you in full, your choice. No need to ship anything back. YOUR MUG IN 4 SIMPLE STEPS You send a photo -> our AI paints it -> you approve it -> we print your mug. WE PRINT MORE THAN PHOTOS: kids' drawings, handwritten recipes, notes and artwork - printed exactly as they are, or turned into a portrait. Your choice. Turn your favorite photo into art - printed on a mug you'll hold every morning. FREE digital preview within 24h - you approve it before we print. One free revision included. HOW IT WORKS (easy!) 1. Order and tell us your style: Watercolor, Cartoon or Realistic (+ a name or short phrase, optional) 2. Upload your photo right on this listing - it takes 10 seconds (or send it via Etsy Messages). Up to 2 photos: tell us your idea and we combine them into one portrait! 3. Within 24 hours you receive a realistic preview of YOUR mug for approval 4. One free revision included - we only print when you love it! WHAT YOU GET - Hand-finished AI-assisted portrait from your photo - 11 oz ceramic mug, vivid fade-resistant print - Dishwasher and microwave safe - Printed to order in Europe and shipped locally Note: photo quality matters! Clear, well-lit photos give the best portraits. Please note: because each mug is made with your own photo, personalized orders can't be returned or exchanged for a change of mind. You'll always approve a digital preview before we print — and if anything goes wrong on our side (damage in transit, a print defect, or artwork that doesn't match what you approved), we'll remake it or refund you at no cost. Just message us. HOW SOON YOU GET IT IS UP TO YOU Our 7-10 day processing window includes the time we spend waiting for YOUR approval. You get your free digital preview within 24-48 hours - and the moment you approve it, your mug goes to print. Approve quickly and yours leaves our hands sooner. If we don't hear back within 5 days of sending your preview, we'll print it as shown so your order still ships on time. GIFT-READY A thoughtful gift for birthdays, Christmas, anniversaries or just because - it arrives in protective packaging, ready to hand over.",in stock,new,24.30 USD,https://brushedandbrewedco.etsy.com/listing/4546916826,https://i.etsystatic.com/67116408/r/il/0bba53/8318132182/il_fullxfull.8318132182_7ion.jpg,"https://i.etsystatic.com/67116408/r/il/68d117/8366020939/il_fullxfull.8366020939_3mnw.jpg,https://i.etsystatic.com/67116408/r/il/e7c22f/8422742524/il_fullxfull.8422742524_1mnb.jpg,https://i.etsystatic.com/67116408/r/il/767fd3/8423001230/il_fullxfull.8423001230_71qd.jpg,https://i.etsystatic.com/67116408/r/il/ef7d51/8366020599/il_fullxfull.8366020599_8j26.jpg,https://i.etsystatic.com/67116408/r/il/5533b4/8366020267/il_fullxfull.8366020267_iiix.jpg,https://i.etsystatic.com/67116408/r/il/3eacc8/8379277966/il_fullxfull.8379277966_kc6l.jpg,https://i.etsystatic.com/67116408/r/il/930916/8318132512/il_fullxfull.8318132512_7gev.jpg,https://i.etsystatic.com/67116408/r/il/2bced6/8537160814/il_fullxfull.8537160814_j0tg.jpg,https://i.etsystatic.com/67116408/r/il/95bc64/8423004678/il_fullxfull.8423004678_3wmf.jpg",Brushed & Brewed,Home & Garden > Kitchen & Dining > Tableware > Drinkware > Mugs,Mugs,999,active,UE
4546916688,"Custom Dog Dad Mug, Personalized Pet Portrait from Photo, Dog and Owner Portrait Gift, Dog Lover Father's Day Gift, Photo Mug","Imagine their face when they unwrap a gift made just for them - their own photo turned into a custom portrait they'll see every single morning. See it before we print: you get a same-day preview on your phone, plus 1 free revision, before your order goes to production. LOVE IT OR WE MAKE IT RIGHT Your mug is printed only after you approve your free preview. If it arrives damaged, misprinted, or different from the artwork you approved, just send us a photo within 30 days - we'll reprint it free or refund you in full, your choice. No need to ship anything back. YOUR MUG IN 4 SIMPLE STEPS You send a photo -> our AI paints it -> you approve it -> we print your mug. WE PRINT MORE THAN PHOTOS: kids' drawings, handwritten recipes, notes and artwork - printed exactly as they are, or turned into a portrait. Your choice. Turn your favorite photo into art - printed on a mug you'll hold every morning. FREE digital preview within 24h - you approve it before we print. One free revision included. HOW IT WORKS (easy!) 1. Order and tell us your style: Watercolor, Cartoon or Realistic (+ a name or short phrase, optional) 2. Upload your photo right on this listing - it takes 10 seconds (or send it via Etsy Messages). Up to 2 photos: tell us your idea and we combine them into one portrait! 3. Within 24 hours you receive a realistic preview of YOUR mug for approval 4. One free revision included - we only print when you love it! WHAT YOU GET - Hand-finished AI-assisted portrait from your photo - 11 oz ceramic mug, vivid fade-resistant print - Dishwasher and microwave safe - Printed to order in Europe and shipped locally Note: photo quality matters! Clear, well-lit photos give the best portraits. Please note: because each mug is made with your own photo, personalized orders can't be returned or exchanged for a change of mind. You'll always approve a digital preview before we print — and if anything goes wrong on our side (damage in transit, a print defect, or artwork that doesn't match what you approved), we'll remake it or refund you at no cost. Just message us. HOW SOON YOU GET IT IS UP TO YOU Our 7-10 day processing window includes the time we spend waiting for YOUR approval. You get your free digital preview within 24-48 hours - and the moment you approve it, your mug goes to print. Approve quickly and yours leaves our hands sooner. If we don't hear back within 5 days of sending your preview, we'll print it as shown so your order still ships on time. Ready to surprise them? Add to cart now and order today - your free preview arrives before we print, so you always know exactly what you're getting.",in stock,new,24.30 USD,https://brushedandbrewedco.etsy.com/listing/4546916688,https://i.etsystatic.com/67116408/r/il/7a1d63/8581319571/il_fullxfull.8581319571_dars.jpg,"https://i.etsystatic.com/67116408/r/il/0a3278/8533469544/il_fullxfull.8533469544_1jix.jpg,https://i.etsystatic.com/67116408/r/il/6ee75a/8427144385/il_fullxfull.8427144385_iq3o.jpg,https://i.etsystatic.com/67116408/r/il/32b417/8366019505/il_fullxfull.8366019505_dd2y.jpg,https://i.etsystatic.com/67116408/r/il/1bdd6a/8537162866/il_fullxfull.8537162866_76i7.jpg,https://i.etsystatic.com/67116408/r/il/692d4b/8537280412/il_fullxfull.8537280412_6801.jpg,https://i.etsystatic.com/67116408/r/il/25c1a0/8585194813/il_fullxfull.8585194813_7sv8.jpg,https://i.etsystatic.com/67116408/r/il/10f493/8585239359/il_fullxfull.8585239359_utvq.jpg,https://i.etsystatic.com/67116408/r/il/1828d5/8585608549/il_fullxfull.8585608549_gf64.jpg,https://i.etsystatic.com/67116408/r/il/d13378/8537186558/il_fullxfull.8537186558_h7la.jpg",Brushed & Brewed,Home & Garden > Kitchen & Dining > Tableware > Drinkware > Mugs,Mugs,999,active,UE
4546916588,"Teacher Appreciation Mug, Thank You Teacher Gift, Teaching Is a Work of Heart Coffee Cup, Educator Gift Idea","LOVE IT OR WE MAKE IT RIGHT If it arrives damaged or misprinted, just send us a photo within 30 days - we'll reprint it free or refund you in full, your choice. No need to ship anything back. Imagine the look on her face when she unwraps this mug. This 11 oz ceramic mug says what every teacher deserves to hear: teaching is a work of heart. Vivid, fade-resistant print, dishwasher and microwave safe, glossy finish and a comfortable handle. How it works: no photo needed for this design - just add to cart, and we make it to order in Europe and ship it locally. Order now: it is made to order in Europe (3-7 business days, then shipping) - a thoughtful thank-you for any teacher, any time of year. Backed by our 30 day love-it guarantee: if something is not right, we make it right. Add to cart now and give the teacher who made a difference a gift she will actually use every morning.",in stock,new,21.99 USD,https://brushedandbrewedco.etsy.com/listing/4546916588,https://i.etsystatic.com/67116408/r/il/e358ca/8622981130/il_fullxfull.8622981130_pg6p.jpg,"https://i.etsystatic.com/67116408/r/il/70122d/8670800301/il_fullxfull.8670800301_3m59.jpg,https://i.etsystatic.com/67116408/r/il/d7c2f9/8539915860/il_fullxfull.8539915860_6su2.jpg,https://i.etsystatic.com/67116408/r/il/aa7659/8670800529/il_fullxfull.8670800529_9jd1.jpg,https://i.etsystatic.com/67116408/r/il/ff09e5/8587779855/il_fullxfull.8587779855_9v8l.jpg,https://i.etsystatic.com/67116408/r/il/dfc857/8670800727/il_fullxfull.8670800727_rbre.jpg,https://i.etsystatic.com/67116408/r/il/1c9f87/8580297861/il_fullxfull.8580297861_e48k.jpg,https://i.etsystatic.com/67116408/r/il/e829d6/8580298025/il_fullxfull.8580298025_i9ms.jpg",Brushed & Brewed,Home & Garden > Kitchen & Dining > Tableware > Drinkware > Mugs,Mugs,999,active,UE
4546916036,"Funny Sunshine Mug, I'm Not Melting I'm Just Summering Hard, Beach Lover Humor Gift, Retro Sun Coffee Mug, Vacation Gift for Her","LOVE IT OR WE MAKE IT RIGHT If it arrives damaged or misprinted, just send us a photo within 30 days - we'll reprint it free or refund you in full, your choice. No need to ship anything back. Imagine the eye-roll (and the laugh) when this lands on their desk - the mug that says what everyone's thinking about the heat. This 11 oz ceramic mug is printed with a bold, fade-resistant sunny design that won't wash off. Glossy finish, comfortable handle, dishwasher and microwave safe. How it works: add to cart and we print your mug to order in Europe - made to order: 3-7 business days, then shipping. Backed by our 30 day love-it guarantee: if it arrives damaged or misprinted, send us a photo within 30 days and we'll reprint it free or refund you in full - no need to ship anything back. Add to cart now and bring a little sunshine to your morning coffee. GIFT-READY A thoughtful gift for birthdays, Christmas, anniversaries or just because - it arrives in protective packaging, ready to hand over.",in stock,new,24.30 USD,https://brushedandbrewedco.etsy.com/listing/4546916036,https://i.etsystatic.com/67116408/r/il/551858/8587748409/il_fullxfull.8587748409_kytr.jpg,"https://i.etsystatic.com/67116408/r/il/bb2489/8539883842/il_fullxfull.8539883842_34b9.jpg,https://i.etsystatic.com/67116408/r/il/56ff37/8670797287/il_fullxfull.8670797287_1wx6.jpg,https://i.etsystatic.com/67116408/r/il/be151f/8539883936/il_fullxfull.8539883936_j03d.jpg,https://i.etsystatic.com/67116408/r/il/0f35f4/8318126164/il_fullxfull.8318126164_dork.jpg,https://i.etsystatic.com/67116408/r/il/e6200f/8622978558/il_fullxfull.8622978558_13ws.jpg,https://i.etsystatic.com/67116408/r/il/19f7fa/8366014765/il_fullxfull.8366014765_ox3z.jpg,https://i.etsystatic.com/67116408/r/il/12a480/8318126288/il_fullxfull.8318126288_1ofk.jpg",Brushed & Brewed,Home & Garden > Kitchen & Dining > Tableware > Drinkware > Mugs,Mugs,999,active,UE
4546915920,"Funny Coworker Gift, Out of Office Until September Maybe Mug, PTO Humor Coffee Mug, Vacation Mode Office Mug for Boss, Time Off Gift","LOVE IT OR WE MAKE IT RIGHT If it arrives damaged or misprinted, just send us a photo within 30 days - we'll reprint it free or refund you in full, your choice. No need to ship anything back. Imagine their face when this shows up on the desk the week before their vacation - the mug every coworker will ask about. This 11 oz ceramic mug is printed with a bold, fade-resistant ""out of office"" design. Glossy finish, comfortable handle, dishwasher and microwave safe. How it works: add to cart and we print your mug to order in Europe - 3-7 days of processing, then it ships to you. Backed by our 30 day love-it guarantee: if it arrives damaged or misprinted, send us a photo within 30 days and we'll reprint it free or refund you in full - no need to ship anything back. Add to cart now - the perfect desk gift for the coworker who's already counting down.",in stock,new,24.30 USD,https://brushedandbrewedco.etsy.com/listing/4546915920,https://i.etsystatic.com/67116408/r/il/720949/8366013513/il_fullxfull.8366013513_pigw.jpg,"https://i.etsystatic.com/67116408/r/il/ae6fcc/8318125352/il_fullxfull.8318125352_nd1i.jpg,https://i.etsystatic.com/67116408/r/il/47a75b/8366013769/il_fullxfull.8366013769_eooe.jpg,https://i.etsystatic.com/67116408/r/il/363e09/8366013891/il_fullxfull.8366013891_pa8k.jpg,https://i.etsystatic.com/67116408/r/il/2bc624/8539888818/il_fullxfull.8539888818_fut7.jpg,https://i.etsystatic.com/67116408/r/il/8c691b/8587753199/il_fullxfull.8587753199_qpx8.jpg,https://i.etsystatic.com/67116408/r/il/ccf9c0/8587753291/il_fullxfull.8587753291_apq8.jpg,https://i.etsystatic.com/67116408/r/il/fe49bf/8366013585/il_fullxfull.8366013585_9kn7.jpg",Brushed & Brewed,Home & Garden > Kitchen & Dining > Tableware > Drinkware > Mugs,Mugs,999,active,UE
4546900613,"Housewarming Gift Mug, My Backyard Is the New Vacation Destination, Funny Garden Lover Gift, Staycation Mug, New Home Coffee Mug","LOVE IT OR WE MAKE IT RIGHT If it arrives damaged or misprinted, just send us a photo within 30 days - we'll reprint it free or refund you in full, your choice. No need to ship anything back. Imagine the smile when new homeowners unwrap a mug that gets their backyard obsession exactly right. This 11 oz ceramic mug is printed with a bold, fade-resistant backyard-life design. Glossy finish, comfortable handle, dishwasher and microwave safe. How it works: add to cart, we print your mug to order - made to order in Europe in 3-7 business days, then it ships. Backed by our 30 day love-it guarantee: if it arrives damaged or misprinted, send us a photo within 30 days and we'll reprint it free or refund you in full - no need to ship anything back. Add to cart now and make their new place feel like home. GIFT-READY A thoughtful gift for birthdays, Christmas, anniversaries or just because - it arrives in protective packaging, ready to hand over.",in stock,new,24.30 USD,https://brushedandbrewedco.etsy.com/listing/4546900613,https://i.etsystatic.com/67116408/r/il/aefce0/8587760053/il_fullxfull.8587760053_1kud.jpg,"https://i.etsystatic.com/67116408/r/il/e45390/8366012843/il_fullxfull.8366012843_12bk.jpg,https://i.etsystatic.com/67116408/r/il/e92644/8670863299/il_fullxfull.8670863299_ag4k.jpg,https://i.etsystatic.com/67116408/r/il/489766/8587759951/il_fullxfull.8587759951_q52f.jpg,https://i.etsystatic.com/67116408/r/il/707a9f/8623043712/il_fullxfull.8623043712_5ptc.jpg,https://i.etsystatic.com/67116408/r/il/b28d5a/8366012917/il_fullxfull.8366012917_oqcf.jpg,https://i.etsystatic.com/67116408/r/il/11b05b/8670863511/il_fullxfull.8670863511_t7nq.jpg,https://i.etsystatic.com/67116408/r/il/32b271/8318124614/il_fullxfull.8318124614_j0i3.jpg,https://i.etsystatic.com/67116408/r/il/b4b56c/8587759817/il_fullxfull.8587759817_ajk8.jpg",Brushed & Brewed,Home & Garden > Kitchen & Dining > Tableware > Drinkware > Mugs,Mugs,999,active,UE
4546900495,"Motivational Coffee Mug, Second January Quote Mug, Fresh Start Gift, New Chapter Gift, Goal Getter Gift for Her, Inspirational Mug","LOVE IT OR WE MAKE IT RIGHT If it arrives damaged or misprinted, just send us a photo within 30 days - we'll reprint it free or refund you in full, your choice. No need to ship anything back. Imagine the boost this gives them every single morning - a fresh-start reminder printed right on their favorite mug. This 11 oz ceramic mug is printed with a bold, fade-resistant motivational design. Glossy finish, comfortable handle, dishwasher and microwave safe. How it works: add to cart and we make your mug to order in Europe: 3-7 business days, then shipping. Backed by our 30 day love-it guarantee: if it arrives damaged or misprinted, send us a photo within 30 days and we'll reprint it free or refund you in full - no need to ship anything back. Add to cart now and help them start their next chapter strong. GIFT-READY A thoughtful gift for birthdays, Christmas, anniversaries or just because - it arrives in protective packaging, ready to hand over.",in stock,new,24.30 USD,https://brushedandbrewedco.etsy.com/listing/4546900495,https://i.etsystatic.com/67116408/r/il/59d4d3/8587766153/il_fullxfull.8587766153_msp0.jpg,"https://i.etsystatic.com/67116408/r/il/63c81e/8623040832/il_fullxfull.8623040832_s94z.jpg,https://i.etsystatic.com/67116408/r/il/cbcb7b/8539902146/il_fullxfull.8539902146_mr9n.jpg,https://i.etsystatic.com/67116408/r/il/d6176e/8587766083/il_fullxfull.8587766083_ejxk.jpg,https://i.etsystatic.com/67116408/r/il/eec884/8670860289/il_fullxfull.8670860289_2eeo.jpg,https://i.etsystatic.com/67116408/r/il/66276a/8318123788/il_fullxfull.8318123788_7k72.jpg,https://i.etsystatic.com/67116408/r/il/55b2d5/8670860563/il_fullxfull.8670860563_9vvc.jpg,https://i.etsystatic.com/67116408/r/il/e3e385/8318123870/il_fullxfull.8318123870_r5tk.jpg,https://i.etsystatic.com/67116408/r/il/b98fbf/8318123958/il_fullxfull.8318123958_o22e.jpg",Brushed & Brewed,Home & Garden > Kitchen & Dining > Tableware > Drinkware > Mugs,Mugs,999,active,UE
4546900421,"Funny Iced Coffee Mug, Ice Water and Bad Decisions, Sarcastic Gift for Her, Hydration Girl Gift, Gym Bestie Mug, Funny Water Lover Gift","LOVE IT OR WE MAKE IT RIGHT If it arrives damaged or misprinted, just send us a photo within 30 days - we'll reprint it free or refund you in full, your choice. No need to ship anything back. Imagine the laugh this gets at the gym or the office - the mug that says the quiet part out loud. This 11 oz ceramic mug is printed with a bold, fade-resistant sarcastic design. Glossy finish, comfortable handle, dishwasher and microwave safe. How it works: add to cart and we print your mug to order in Europe - made to order: 3-7 business days, then shipping. Backed by our 30 day love-it guarantee: if it arrives damaged or misprinted, send us a photo within 30 days and we'll reprint it free or refund you in full - no need to ship anything back. Add to cart now for the friend who runs on iced coffee and questionable decisions. GIFT-READY A thoughtful gift for birthdays, Christmas, anniversaries or just because - it arrives in protective packaging, ready to hand over.",in stock,new,24.30 USD,https://brushedandbrewedco.etsy.com/listing/4546900421,https://i.etsystatic.com/67116408/r/il/00e6b9/8318123198/il_fullxfull.8318123198_965i.jpg,"https://i.etsystatic.com/67116408/r/il/5ff125/8671221701/il_fullxfull.8671221701_irwg.jpg,https://i.etsystatic.com/67116408/r/il/3ad8dc/8587771061/il_fullxfull.8587771061_7rv1.jpg,https://i.etsystatic.com/67116408/r/il/0b6ac5/8366011579/il_fullxfull.8366011579_ancc.jpg,https://i.etsystatic.com/67116408/r/il/f0df7a/8623402080/il_fullxfull.8623402080_ztde.jpg,https://i.etsystatic.com/67116408/r/il/82e8b2/8587770919/il_fullxfull.8587770919_no8e.jpg,https://i.etsystatic.com/67116408/r/il/0ca132/8366011631/il_fullxfull.8366011631_bx3g.jpg,https://i.etsystatic.com/67116408/r/il/4038b1/8671222143/il_fullxfull.8671222143_gys0.jpg,https://i.etsystatic.com/67116408/r/il/aefe00/8539907262/il_fullxfull.8539907262_td9c.jpg",Brushed & Brewed,Home & Garden > Kitchen & Dining > Tableware > Drinkware > Mugs,Mugs,999,active,UE
4546900257,"Custom Portrait Mug Set of 2, Personalized His and Hers Mugs from Photo with Name, Matching Couple Gift, Pet Portrait Coffee Mug Set","Imagine their face when they unwrap a gift made just for them - their own photo turned into a custom portrait they'll see every single morning. See it before we print: you get a same-day preview on your phone, plus 1 free revision, before your order goes to production. LOVE IT OR WE MAKE IT RIGHT Your mug is printed only after you approve your free preview. If it arrives damaged, misprinted, or different from the artwork you approved, just send us a photo within 30 days - we'll reprint it free or refund you in full, your choice. No need to ship anything back. YOUR MUG IN 4 SIMPLE STEPS You send a photo -> our AI paints it -> you approve it -> we print your mug. WE PRINT MORE THAN PHOTOS: kids' drawings, handwritten recipes, notes and artwork - printed exactly as they are, or turned into a portrait. Your choice. Two mugs, two portraits, one unforgettable gift - made from YOUR photos. FREE digital preview of both mugs within 24h - you approve before we print. One free revision each. HOW IT WORKS (easy!) 1. Order and tell us the style for EACH mug: Watercolor, Cartoon or Realistic (+ names, optional) 2. Upload your photos right on this listing - up to 2 photos per mug (we can combine them!) 3. Within 24 hours you receive realistic previews of BOTH mugs for approval 4. We only print when you love them! PERFECT COMBOS - His and hers: each with your pet (or each other!) - Your two pets, one mug each - Couple portrait + family portrait - any mix you want WHAT YOU GET - 2 hand-finished AI-assisted portraits from your photos - 2 ceramic 11 oz mugs, vivid fade-resistant print - Dishwasher and microwave safe - Printed to order in Europe and shipped locally Note: photo quality matters! Clear, well-lit photos give the best portraits. HOW SOON YOU GET IT IS UP TO YOU Our 7-10 day processing window includes the time we spend waiting for YOUR approval. You get your free digital preview within 24-48 hours - and the moment you approve it, your mug goes to print. Approve quickly and yours leaves our hands sooner. If we don't hear back within 5 days of sending your preview, we'll print it as shown so your order still ships on time. Ready to surprise them? Add to cart now and order today - your free preview arrives before we print, so you always know exactly what you're getting.",in stock,new,38.95 USD,https://brushedandbrewedco.etsy.com/listing/4546900257,https://i.etsystatic.com/67116408/r/il/013c68/8581281189/il_fullxfull.8581281189_1lgo.jpg,"https://i.etsystatic.com/67116408/r/il/904aee/8585071533/il_fullxfull.8585071533_sm6y.jpg,https://i.etsystatic.com/67116408/r/il/477cb1/8537232680/il_fullxfull.8537232680_c805.jpg,https://i.etsystatic.com/67116408/r/il/bb87f9/8318122374/il_fullxfull.8318122374_9rq9.jpg,https://i.etsystatic.com/67116408/r/il/ae03fc/8537282892/il_fullxfull.8537282892_dfek.jpg,https://i.etsystatic.com/67116408/r/il/c809f0/8537329236/il_fullxfull.8537329236_22a3.jpg,https://i.etsystatic.com/67116408/r/il/fafce5/8537296414/il_fullxfull.8537296414_1hdo.jpg,https://i.etsystatic.com/67116408/r/il/172ce9/8537361004/il_fullxfull.8537361004_kics.jpg,https://i.etsystatic.com/67116408/r/il/df240f/8585526843/il_fullxfull.8585526843_ei5j.jpg,https://i.etsystatic.com/67116408/r/il/a8471f/8586564080/il_fullxfull.8586564080_4mvf.jpg",Brushed & Brewed,Home & Garden > Kitchen & Dining > Tableware > Drinkware > Mugs,Mugs,999,active,UE
4546900159,"Pet Memorial Gift Set of 2, Rainbow Bridge Mugs From Photo, Custom Dog Memorial Portrait With Name and Dates, Remembrance Mugs","Imagine their face when they unwrap a gift made just for them - their own photo turned into a custom portrait they'll see every single morning. See it before we print: you get a same-day preview on your phone, plus 1 free revision, before your order goes to production. LOVE IT OR WE MAKE IT RIGHT Your mug is printed only after you approve your free preview. If it arrives damaged, misprinted, or different from the artwork you approved, just send us a photo within 30 days - we'll reprint it free or refund you in full, your choice. No need to ship anything back. YOUR MUG IN 4 SIMPLE STEPS You send a photo -> our AI paints it -> you approve it -> we print your mug. WE PRINT MORE THAN PHOTOS: kids' drawings, handwritten recipes, notes and artwork - printed exactly as they are, or turned into a portrait. Your choice. Some friends stay with us forever - in the happy memories we hold every morning. FREE digital preview within 24h - you approve it before we print. One free revision included. HOW IT WORKS (easy!) 1. Order and upload your photos right on this listing 2. Tell us the names to print and your style: Watercolor, Cartoon or Realistic 3. Within 24 hours you receive a preview of BOTH designs - we only print when you love them WHAT YOU GET - 2 x 11 oz ceramic mugs with a gentle portrait, name and dates - Vivid fade-resistant print, dishwasher and microwave safe - Printed to order in Europe and shipped locally A little everyday way to keep your favorite faces close. HOW SOON YOU GET IT IS UP TO YOU Our 7-10 day processing window includes the time we spend waiting for YOUR approval. You get your free digital preview within 24-48 hours - and the moment you approve it, your mug goes to print. Approve quickly and yours leaves our hands sooner. If we don't hear back within 5 days of sending your preview, we'll print it as shown so your order still ships on time. Ready to surprise them? Add to cart now and order today - your free preview arrives before we print, so you always know exactly what you're getting.",in stock,new,38.95 USD,https://brushedandbrewedco.etsy.com/listing/4546900159,https://i.etsystatic.com/67116408/r/il/3c3a71/8318121696/il_fullxfull.8318121696_5sf1.jpg,"https://i.etsystatic.com/67116408/r/il/62a208/8318121422/il_fullxfull.8318121422_egug.jpg,https://i.etsystatic.com/67116408/r/il/6b85b0/8318121612/il_fullxfull.8318121612_rkks.jpg,https://i.etsystatic.com/67116408/r/il/5b210c/8427142267/il_fullxfull.8427142267_nu1h.jpg,https://i.etsystatic.com/67116408/r/il/d21d27/8537252226/il_fullxfull.8537252226_qqpo.jpg,https://i.etsystatic.com/67116408/r/il/9ac297/8318121510/il_fullxfull.8318121510_pwmw.jpg,https://i.etsystatic.com/67116408/r/il/46c9d2/8585252417/il_fullxfull.8585252417_35yg.jpg,https://i.etsystatic.com/67116408/r/il/984937/8622441642/il_fullxfull.8622441642_kcaf.jpg",Brushed & Brewed,Home & Garden > Kitchen & Dining > Tableware > Drinkware > Mugs,Mugs,999,active,UE
4546915262,"Couple and Pet Mug Set of 3, His Hers and the Dog, Personalized Family Mugs From Photo, Housewarming Gift for Dog Parents","See it before we print: you get a same-day preview on your phone, plus 1 free revision, before your order goes to production. LOVE IT OR WE MAKE IT RIGHT Your mug is printed only after you approve your free preview. If it arrives damaged, misprinted, or different from the artwork you approved, just send us a photo within 30 days - we'll reprint it free or refund you in full, your choice. No need to ship anything back. YOUR MUG IN 4 SIMPLE STEPS You send a photo -> our AI paints it -> you approve it -> we print your mug. WE PRINT MORE THAN PHOTOS: kids' drawings, handwritten recipes, notes and artwork - printed exactly as they are, or turned into a portrait. Your choice. Imagine the whole little family at the breakfast table - HIS, HERS and one signed by the dog. FREE digital preview within 24h - you approve it before we print. One free revision included. HOW IT WORKS (easy!) 1. Order and upload your photos right on this listing 2. Tell us the names to print and your style: Watercolor, Cartoon or Realistic 3. Within 24 hours you receive a preview of BOTH designs - we only print when you love them WHAT YOU GET - 3 x 11 oz ceramic mugs: HIS, HERS and your pet's own mug with portrait and paw print - Vivid fade-resistant print, dishwasher and microwave safe - Printed to order in Europe and shipped locally A little everyday way to keep your favorite faces close. HOW SOON YOU GET IT IS UP TO YOU Our 7-10 day processing window includes the time we spend waiting for YOUR approval. You get your free digital preview within 24-48 hours - and the moment you approve it, your mug goes to print. Approve quickly and yours leaves our hands sooner. If we don't hear back within 5 days of sending your preview, we'll print it as shown so your order still ships on time. GIFT-READY A thoughtful gift for birthdays, Christmas, anniversaries or just because - it arrives in protective packaging, ready to hand over. Ready when you are: add to cart, upload your photo, and we'll send your free preview within 24 hours.",in stock,new,48.95 USD,https://brushedandbrewedco.etsy.com/listing/4546915262,https://i.etsystatic.com/67116408/r/il/837e8a/8542930130/il_fullxfull.8542930130_bmyu.jpg,"https://i.etsystatic.com/67116408/r/il/7f979b/8622453334/il_fullxfull.8622453334_8ure.jpg,https://i.etsystatic.com/67116408/r/il/236c4a/8366009125/il_fullxfull.8366009125_gd5l.jpg,https://i.etsystatic.com/67116408/r/il/36ecdf/8542932798/il_fullxfull.8542932798_4h8y.jpg,https://i.etsystatic.com/67116408/r/il/462bbf/8318121008/il_fullxfull.8318121008_bpgs.jpg,https://i.etsystatic.com/67116408/r/il/0b6a8a/8379269872/il_fullxfull.8379269872_avo5.jpg,https://i.etsystatic.com/67116408/r/il/7f5c44/8585152463/il_fullxfull.8585152463_q9di.jpg,https://i.etsystatic.com/67116408/r/il/9d8190/8618507642/il_fullxfull.8618507642_fq7d.jpg",Brushed & Brewed,Home & Garden > Kitchen & Dining > Tableware > Drinkware > Mugs,Mugs,999,active,UE
4546899901,"Dog Grandma and Dog Grandpa Mug Set of 2, Granddog Gift for Grandparents, Funny Dog Lover Gift, Dog Grandparents Coffee Mugs","Imagine your grandparents faces lighting up over morning coffee with the granddog own mug set. How it works: no photo needed for this design - just add to cart and we print them to order for you. LOVE IT OR WE MAKE IT RIGHT If it arrives damaged or misprinted, just send us a photo within 30 days - we'll reprint it free or refund you in full, your choice. No need to ship anything back. For the grandparents who spoil the granddog rotten - and love every minute of it. WHAT YOU GET - 2 x 11 oz ceramic mugs: DOG GRANDMA in a floral wreath and DOG GRANDPA with paw prints - Vivid fade-resistant print, dishwasher and microwave safe - Printed to order in Europe and shipped locally The perfect pair for Christmas, birthdays or just because the granddog said so. Order now and give them a keepsake they will use every single day.",in stock,new,34.95 USD,https://brushedandbrewedco.etsy.com/listing/4546899901,https://i.etsystatic.com/67116408/r/il/76acaf/8366007975/il_fullxfull.8366007975_dsfd.jpg,"https://i.etsystatic.com/67116408/r/il/7cf8e2/8318119788/il_fullxfull.8318119788_1l51.jpg,https://i.etsystatic.com/67116408/r/il/4bdf72/8318120152/il_fullxfull.8318120152_fb5x.jpg,https://i.etsystatic.com/67116408/r/il/731cda/8630150202/il_fullxfull.8630150202_cvji.jpg,https://i.etsystatic.com/67116408/r/il/a5da14/8677976505/il_fullxfull.8677976505_3w1v.jpg,https://i.etsystatic.com/67116408/r/il/b06f4f/8677976703/il_fullxfull.8677976703_rvo8.jpg,https://i.etsystatic.com/67116408/r/il/827b05/8630150594/il_fullxfull.8630150594_5i32.jpg,https://i.etsystatic.com/67116408/r/il/e2306d/8677977097/il_fullxfull.8677977097_5vuh.jpg",Brushed & Brewed,Home & Garden > Kitchen & Dining > Tableware > Drinkware > Mugs,Mugs,999,active,UE
4546914994,"Halloween Dog Mug, Custom Pet Portrait in Costume From Photo, Personalized Halloween Gift With Name, Witch Dog Coffee Mug","Imagine their face when they unwrap a gift made just for them - their own photo turned into a custom portrait they'll see every single morning. See it before we print: you get a same-day preview on your phone, plus 1 free revision, before your order goes to production. LOVE IT OR WE MAKE IT RIGHT Your mug is printed only after you approve your free preview. If it arrives damaged, misprinted, or different from the artwork you approved, just send us a photo within 30 days - we'll reprint it free or refund you in full, your choice. No need to ship anything back. YOUR MUG IN 4 SIMPLE STEPS You send a photo -> our AI paints it -> you approve it -> we print your mug. WE PRINT MORE THAN PHOTOS: kids' drawings, handwritten recipes, notes and artwork - printed exactly as they are, or turned into a portrait. Your choice. Your pup in a tiny witch hat, painted from your photo - the cutest thing on your desk this fall. FREE digital preview within 24h - you approve it before we print. One free revision included. HOW IT WORKS (easy!) 1. Order and upload your photo right on this listing 2. Tell us the name to print and your style: Watercolor, Cartoon or Realistic Tell us the costume: witch, pumpkin, bat or your own idea 3. Within 24 hours you receive a preview of YOUR mug - we only print when you love it WHAT YOU GET - Hand-finished portrait made from your photo - 11 oz ceramic mug, vivid fade-resistant print - Dishwasher and microwave safe - Printed to order in Europe and shipped locally A little everyday way to keep a happy memory close. HOW SOON YOU GET IT IS UP TO YOU Our 7-10 day processing window includes the time we spend waiting for YOUR approval. You get your free digital preview within 24-48 hours - and the moment you approve it, your mug goes to print. Approve quickly and yours leaves our hands sooner. If we don't hear back within 5 days of sending your preview, we'll print it as shown so your order still ships on time. Ready to surprise them? Add to cart now and order today - your free preview arrives before we print, so you always know exactly what you're getting.",in stock,new,24.30 USD,https://brushedandbrewedco.etsy.com/listing/4546914994,https://i.etsystatic.com/67116408/r/il/a89d75/8366007083/il_fullxfull.8366007083_begu.jpg,"https://i.etsystatic.com/67116408/r/il/62497f/8670794489/il_fullxfull.8670794489_h87x.jpg,https://i.etsystatic.com/67116408/r/il/e11df9/8318118938/il_fullxfull.8318118938_5y8s.jpg,https://i.etsystatic.com/67116408/r/il/0aa60b/8366007371/il_fullxfull.8366007371_8dx9.jpg,https://i.etsystatic.com/67116408/r/il/dc13a6/8379269312/il_fullxfull.8379269312_aq92.jpg,https://i.etsystatic.com/67116408/r/il/0e8b3a/8622975616/il_fullxfull.8622975616_h98p.jpg,https://i.etsystatic.com/67116408/r/il/19af90/8366007503/il_fullxfull.8366007503_2iew.jpg,https://i.etsystatic.com/67116408/r/il/47e298/8670794891/il_fullxfull.8670794891_5d0p.jpg,https://i.etsystatic.com/67116408/r/il/b6810b/8670795087/il_fullxfull.8670795087_swi3.jpg",Brushed & Brewed,Home & Garden > Kitchen & Dining > Tableware > Drinkware > Mugs,Mugs,999,active,UE
4546879161,"Personalized Mug Set of 2 From Photo, His and Hers Pet Portrait Mugs With Names, Couple Gift for Dog Parents, Printed in Europe","Imagine their face when they unwrap a gift made just for them - their own photo turned into a custom portrait they'll see every single morning. See it before we print: you get a same-day preview on your phone, plus 1 free revision, before your order goes to production. LOVE IT OR WE MAKE IT RIGHT Your mug is printed only after you approve your free preview. If it arrives damaged, misprinted, or different from the artwork you approved, just send us a photo within 30 days - we'll reprint it free or refund you in full, your choice. No need to ship anything back. YOUR MUG IN 4 SIMPLE STEPS You send a photo -> our AI paints it -> you approve it -> we print your mug. WE PRINT MORE THAN PHOTOS: kids' drawings, handwritten recipes, notes and artwork - printed exactly as they are, or turned into a portrait. Your choice. Two mugs, one love story - your pets painted side by side, one for each of you. FREE digital preview within 24-48h - you approve it before we print. One free revision included. HOW IT WORKS (easy!) 1. Order and upload your photo right on this listing 2. Tell us the name to print and your style: Watercolor, Cartoon or Realistic 3. Within 24-48 hours you receive your free digital preview - we only print after your OK WHAT YOU GET - 2 x 11 oz ceramic mugs with custom portraits and names - Dishwasher and microwave safe ceramic - PRINTED IN EUROPE and shipped locally - fast delivery, no customs surprises A little everyday way to keep your favorite face close. HOW SOON YOU GET IT IS UP TO YOU Our 7-10 day processing window includes the time we spend waiting for YOUR approval. You get your free digital preview within 24-48 hours - and the moment you approve it, your mug goes to print. Approve quickly and yours leaves our hands sooner. If we don't hear back within 5 days of sending your preview, we'll print it as shown so your order still ships on time. Ready to surprise them? Add to cart now and order today - your free preview arrives before we print, so you always know exactly what you're getting.",in stock,new,39.95 USD,https://brushedandbrewedco.etsy.com/listing/4546879161,https://i.etsystatic.com/67116408/r/il/debd2f/8365870567/il_fullxfull.8365870567_4t4v.jpg,"https://i.etsystatic.com/67116408/r/il/0d1efc/8622436988/il_fullxfull.8622436988_gmoa.jpg,https://i.etsystatic.com/67116408/r/il/b9426d/8532657854/il_fullxfull.8532657854_t3lp.jpg,https://i.etsystatic.com/67116408/r/il/3a7666/8585073499/il_fullxfull.8585073499_3pgb.jpg,https://i.etsystatic.com/67116408/r/il/91f26f/8537298762/il_fullxfull.8537298762_tvkf.jpg,https://i.etsystatic.com/67116408/r/il/a43802/8670257423/il_fullxfull.8670257423_6zcu.jpg,https://i.etsystatic.com/67116408/r/il/116d72/8622437432/il_fullxfull.8622437432_7l8c.jpg,https://i.etsystatic.com/67116408/r/il/643257/8622437266/il_fullxfull.8622437266_4mxu.jpg",Brushed & Brewed,Home & Garden > Kitchen & Dining > Tableware > Drinkware > Mugs,Mugs,999,active,UE
4546879085,"Pet Memorial Gift From Photo, Rainbow Bridge Mug With Name and Dates, Custom Dog Memorial Portrait, Printed in Europe","Imagine their face when they unwrap a gift made just for them - their own photo turned into a custom portrait they'll see every single morning. See it before we print: you get a same-day preview on your phone, plus 1 free revision, before your order goes to production. LOVE IT OR WE MAKE IT RIGHT Your mug is printed only after you approve your free preview. If it arrives damaged, misprinted, or different from the artwork you approved, just send us a photo within 30 days - we'll reprint it free or refund you in full, your choice. No need to ship anything back. YOUR MUG IN 4 SIMPLE STEPS You send a photo -> our AI paints it -> you approve it -> we print your mug. WE PRINT MORE THAN PHOTOS: kids' drawings, handwritten recipes, notes and artwork - printed exactly as they are, or turned into a portrait. Your choice. Some friends stay with us forever - in the happy memories we hold every morning. FREE digital preview within 24-48h - you approve it before we print. One free revision included. HOW IT WORKS (easy!) 1. Order and upload your photo right on this listing 2. Tell us the name to print and your style: Watercolor, Cartoon or Realistic 3. Within 24-48 hours you receive your free digital preview - we only print after your OK WHAT YOU GET - 11 oz ceramic mug with a gentle portrait, name and dates - Dishwasher and microwave safe ceramic - PRINTED IN EUROPE and shipped locally - fast delivery, no customs surprises A little everyday way to keep your favorite face close. HOW SOON YOU GET IT IS UP TO YOU Our 7-10 day processing window includes the time we spend waiting for YOUR approval. You get your free digital preview within 24-48 hours - and the moment you approve it, your mug goes to print. Approve quickly and yours leaves our hands sooner. If we don't hear back within 5 days of sending your preview, we'll print it as shown so your order still ships on time. Ready to surprise them? Add to cart now and order today - your free preview arrives before we print, so you always know exactly what you're getting.",in stock,new,24.30 USD,https://brushedandbrewedco.etsy.com/listing/4546879085,https://i.etsystatic.com/67116408/r/il/ac3604/8618559662/il_fullxfull.8618559662_r7dy.jpg,"https://i.etsystatic.com/67116408/r/il/2e2e01/8581337445/il_fullxfull.8581337445_gio7.jpg,https://i.etsystatic.com/67116408/r/il/6640f8/8618558146/il_fullxfull.8618558146_97r7.jpg,https://i.etsystatic.com/67116408/r/il/f85cd9/8618556374/il_fullxfull.8618556374_ozkf.jpg,https://i.etsystatic.com/67116408/r/il/a778d8/8622967678/il_fullxfull.8622967678_gdl2.jpg,https://i.etsystatic.com/67116408/r/il/2ff84f/8365870173/il_fullxfull.8365870173_krin.jpg,https://i.etsystatic.com/67116408/r/il/9b3663/8670786951/il_fullxfull.8670786951_2lqe.jpg,https://i.etsystatic.com/67116408/r/il/040408/8670255291/il_fullxfull.8670255291_oim9.jpg",Brushed & Brewed,Home & Garden > Kitchen & Dining > Tableware > Drinkware > Mugs,Mugs,999,active,UE
4546879017,"Personalized Dog Mug With Name, Custom Pet Portrait From Photo, Printed in Europe, Dog Mom Gift, Dog Dad Gift, Free Preview First","Imagine their face when they unwrap a gift made just for them - their own photo turned into a custom portrait they'll see every single morning. See it before we print: you get a same-day preview on your phone, plus 1 free revision, before your order goes to production. LOVE IT OR WE MAKE IT RIGHT Your mug is printed only after you approve your free preview. If it arrives damaged, misprinted, or different from the artwork you approved, just send us a photo within 30 days - we'll reprint it free or refund you in full, your choice. No need to ship anything back. YOUR MUG IN 4 SIMPLE STEPS You send a photo -> our AI paints it -> you approve it -> we print your mug. WE PRINT MORE THAN PHOTOS: kids' drawings, handwritten recipes, notes and artwork - printed exactly as they are, or turned into a portrait. Your choice. Your pet's face and name on the mug you hold every morning - painted from your photo. FREE digital preview within 24-48h - you approve it before we print. One free revision included. HOW IT WORKS (easy!) 1. Order and upload your photo right on this listing 2. Tell us the name to print and your style: Watercolor, Cartoon or Realistic 3. Within 24-48 hours you receive your free digital preview - we only print after your OK WHAT YOU GET - 11 oz ceramic mug with a custom portrait and your pet's name - Dishwasher and microwave safe ceramic - PRINTED IN EUROPE and shipped locally - fast delivery, no customs surprises A little everyday way to keep your favorite face close. HOW SOON YOU GET IT IS UP TO YOU Our 7-10 day processing window includes the time we spend waiting for YOUR approval. You get your free digital preview within 24-48 hours - and the moment you approve it, your mug goes to print. Approve quickly and yours leaves our hands sooner. If we don't hear back within 5 days of sending your preview, we'll print it as shown so your order still ships on time. Ready to surprise them? Add to cart now and order today - your free preview arrives before we print, so you always know exactly what you're getting.",in stock,new,24.30 USD,https://brushedandbrewedco.etsy.com/listing/4546879017,https://i.etsystatic.com/67116408/r/il/1e2771/8532654738/il_fullxfull.8532654738_9qq5.jpg,"https://i.etsystatic.com/67116408/r/il/6e9610/8581339531/il_fullxfull.8581339531_nivf.jpg,https://i.etsystatic.com/67116408/r/il/1e3cab/8537207414/il_fullxfull.8537207414_811g.jpg,https://i.etsystatic.com/67116408/r/il/a866ec/8379267780/il_fullxfull.8379267780_a1c1.jpg,https://i.etsystatic.com/67116408/r/il/42c3be/8537254170/il_fullxfull.8537254170_16fu.jpg,https://i.etsystatic.com/67116408/r/il/674ef6/8537300830/il_fullxfull.8537300830_ri66.jpg,https://i.etsystatic.com/67116408/r/il/244f13/8537386206/il_fullxfull.8537386206_d9ym.jpg,https://i.etsystatic.com/67116408/r/il/f34274/8622433158/il_fullxfull.8622433158_m5ak.jpg",Brushed & Brewed,Home & Garden > Kitchen & Dining > Tableware > Drinkware > Mugs,Mugs,999,active,UE
